{
  "slug": "package_authors",
  "title": "Package Authors",
  "description": "The most prolific authors of Electron-related npm packages.",
  "collectionType": "npmUser",
  "collection": [
    {
      "handle": "uupaa",
      "packages": 46,
      "name": null,
      "email": "uupaa.js@gmail.com",
      "homepage": null,
      "github": null,
      "twitter": null,
      "freenode": null,
      "gravatar": "https://gravatar.com/avatar/247a36b939111801f83b561060c63e7b?size=200&default=https%3A%2F%2Fcldup.com%2FFIjisumbxl.png"
    },
    {
      "handle": "parroit",
      "packages": 26,
      "name": "Andrea Parodi",
      "email": "andrea@parro.it",
      "homepage": "http://www.parro.it",
      "github": "parro-it",
      "twitter": "parroit",
      "freenode": null,
      "gravatar": "https://gravatar.com/avatar/9f0cc2e0e8d0968ba143150eb6a5a2e6?size=200&default=https%3A%2F%2Fcldup.com%2FFIjisumbxl.png"
    },
    {
      "handle": "zeke",
      "packages": 26,
      "name": "Zeke Sikelianos",
      "email": "zeke@sikelianos.com",
      "homepage": "http://zeke.sikelianos.com",
      "github": "zeke",
      "twitter": "zeke",
      "freenode": null,
      "gravatar": "https://gravatar.com/avatar/8f344b1c4bdcfc28bd848e97e94c3523?size=200&default=https%3A%2F%2Fcldup.com%2FFIjisumbxl.png"
    },
    {
      "handle": "kevinsawicki",
      "packages": 24,
      "name": "Kevin Sawicki",
      "email": "kevinsawicki@gmail.com",
      "homepage": "http://git.io/ks",
      "github": "kevinsawicki",
      "twitter": "kevinsawicki",
      "freenode": null,
      "gravatar": "https://gravatar.com/avatar/830257379aa0b44a17acdab802c98df7?size=200&default=https%3A%2F%2Fcldup.com%2FFIjisumbxl.png"
    },
    {
      "handle": "zcbenz",
      "packages": 19,
      "name": null,
      "email": "zcbenz@gmail.com",
      "homepage": null,
      "github": null,
      "twitter": null,
      "freenode": null,
      "gravatar": "https://gravatar.com/avatar/dc13d329db98a4ff44d52013b80e3bf4?size=200&default=https%3A%2F%2Fcldup.com%2FFIjisumbxl.png"
    },
    {
      "handle": "rhysd",
      "packages": 18,
      "name": null,
      "email": "lin90162@yahoo.co.jp",
      "homepage": null,
      "github": null,
      "twitter": null,
      "freenode": null,
      "gravatar": "https://gravatar.com/avatar/dea1add99f4cf942792c0f185aa2f2fd?size=200&default=https%3A%2F%2Fcldup.com%2FFIjisumbxl.png"
    },
    {
      "handle": "jlord",
      "packages": 17,
      "name": "Jessica Lord",
      "email": "to.jlord@gmail.com",
      "homepage": "http://www.jlord.us",
      "github": "jlord",
      "twitter": "jllord",
      "freenode": "jlord",
      "gravatar": "https://gravatar.com/avatar/9cc850f35289f6fa1af74a3c70589b1a?size=200&default=https%3A%2F%2Fcldup.com%2FFIjisumbxl.png"
    },
    {
      "handle": "imlucas",
      "packages": 17,
      "name": "Lucas Hrabovsky",
      "email": "hrabovsky.lucas@gmail.com",
      "homepage": "http://www.imlucas.com",
      "github": "imlucas",
      "twitter": "__lucas",
      "freenode": "__lucas",
      "gravatar": "https://gravatar.com/avatar/11f176d1a17a130be5ea692d6f1b9dbf?size=200&default=https%3A%2F%2Fcldup.com%2FFIjisumbxl.png"
    },
    {
      "handle": "andrewpmckenzie",
      "packages": 17,
      "name": "Andrew McKenzie",
      "email": "andrewpmckenzie@gmail.com",
      "homepage": "http://andrewpmckenzie.info",
      "github": "andrewpmckenzie",
      "twitter": "andrewpmckenzie",
      "freenode": null,
      "gravatar": "https://gravatar.com/avatar/e97b554c457e69c962f0168302cc7d65?size=200&default=https%3A%2F%2Fcldup.com%2FFIjisumbxl.png"
    },
    {
      "handle": "mattdesl",
      "packages": 15,
      "name": "Matt DesLauriers",
      "email": "dave.des@gmail.com",
      "homepage": null,
      "github": "mattdesl",
      "twitter": "mattdesl",
      "freenode": null,
      "gravatar": "https://gravatar.com/avatar/a8b4f4ce68c0dee12a066c602a3e6191?size=200&default=https%3A%2F%2Fcldup.com%2FFIjisumbxl.png"
    },
    {
      "handle": "justinmchase",
      "packages": 14,
      "name": "Justin Chase",
      "email": "justin.m.chase@outlook.com",
      "homepage": "http://justinmchase.com",
      "github": "justinmchase",
      "twitter": "justinmchase",
      "freenode": null,
      "gravatar": "https://gravatar.com/avatar/de9c8ce39702554211099e27c0194815?size=200&default=https%3A%2F%2Fcldup.com%2FFIjisumbxl.png"
    },
    {
      "handle": "kaizhu",
      "packages": 14,
      "name": null,
      "email": "kaizhu256@gmail.com",
      "homepage": null,
      "github": "kaizhu256",
      "twitter": null,
      "freenode": null,
      "gravatar": "https://gravatar.com/avatar/dd05938145f23c52f9f09e342710fe34?size=200&default=https%3A%2F%2Fcldup.com%2FFIjisumbxl.png"
    },
    {
      "handle": "sindresorhus",
      "packages": 13,
      "name": "Sindre Sorhus",
      "email": "sindresorhus@gmail.com",
      "homepage": "https://sindresorhus.com",
      "github": "sindresorhus",
      "twitter": "sindresorhus",
      "freenode": "sindresorhus",
      "gravatar": "https://gravatar.com/avatar/d36a92237c75c5337c17b60d90686bf9?size=200&default=https%3A%2F%2Fcldup.com%2FFIjisumbxl.png"
    },
    {
      "handle": "electron",
      "packages": 13,
      "name": "Electron Team",
      "email": "electron@github.com",
      "homepage": "https://electron.atom.io",
      "github": "electron",
      "twitter": "electronjs",
      "freenode": null,
      "gravatar": "https://gravatar.com/avatar/341d73a1c4caa8fec88ed24181562113?size=200&default=https%3A%2F%2Fcldup.com%2FFIjisumbxl.png"
    },
    {
      "handle": "nathansobo",
      "packages": 13,
      "name": null,
      "email": "nathan@github.com",
      "homepage": null,
      "github": null,
      "twitter": null,
      "freenode": null,
      "gravatar": "https://gravatar.com/avatar/bd964c4c26b160867008b423ae92b3e7?size=200&default=https%3A%2F%2Fcldup.com%2FFIjisumbxl.png"
    },
    {
      "handle": "sethvincent",
      "packages": 13,
      "name": "seth vincent",
      "email": "sethvincent@gmail.com",
      "homepage": "http://sethvincent.com",
      "github": "sethvincent",
      "twitter": "sethdvincent",
      "freenode": "sethvincent",
      "gravatar": "https://gravatar.com/avatar/652e02cbd134e0e92f3f81fe14bda3d1?size=200&default=https%3A%2F%2Fcldup.com%2FFIjisumbxl.png"
    },
    {
      "handle": "ionicabizau",
      "packages": 12,
      "name": "Ionică Bizău",
      "email": "bizauionica@gmail.com",
      "homepage": "http://ionicabizau.net",
      "github": "IonicaBizau",
      "twitter": "IonicaBizau",
      "freenode": null,
      "gravatar": "https://gravatar.com/avatar/537f8604a91cd28e10dd7934baaf4437?size=200&default=https%3A%2F%2Fcldup.com%2FFIjisumbxl.png"
    },
    {
      "handle": "develar",
      "packages": 12,
      "name": null,
      "email": "develar@gmail.com",
      "homepage": null,
      "github": null,
      "twitter": null,
      "freenode": null,
      "gravatar": "https://gravatar.com/avatar/58ba133741edd5328430f198ea7f8981?size=200&default=https%3A%2F%2Fcldup.com%2FFIjisumbxl.png"
    },
    {
      "handle": "maxogden",
      "packages": 11,
      "name": "Max Ogden",
      "email": "max@maxogden.com",
      "homepage": "https://github.com/maxogden/messages",
      "github": "maxogden",
      "twitter": "maxogden",
      "freenode": "https://github.com/maxogden/messages",
      "gravatar": "https://gravatar.com/avatar/fcc9bbfe2a31c5a6225cc287ed7ae2a6?size=200&default=https%3A%2F%2Fcldup.com%2FFIjisumbxl.png"
    },
    {
      "handle": "paulcbetts",
      "packages": 11,
      "name": "Paul Betts",
      "email": "paul@paulbetts.org",
      "homepage": "http://paulbetts.org",
      "github": "paulcbetts",
      "twitter": "paulcbetts",
      "freenode": null,
      "gravatar": "https://gravatar.com/avatar/8de583685d3e68f79917ec82253185d8?size=200&default=https%3A%2F%2Fcldup.com%2FFIjisumbxl.png"
    },
    {
      "handle": "atom",
      "packages": 10,
      "name": null,
      "email": "nathan@github.com",
      "homepage": null,
      "github": null,
      "twitter": null,
      "freenode": null,
      "gravatar": "https://gravatar.com/avatar/bd964c4c26b160867008b423ae92b3e7?size=200&default=https%3A%2F%2Fcldup.com%2FFIjisumbxl.png"
    },
    {
      "handle": "maxbrunsfeld",
      "packages": 10,
      "name": null,
      "email": "maxbrunsfeld@gmail.com",
      "homepage": null,
      "github": null,
      "twitter": null,
      "freenode": null,
      "gravatar": "https://gravatar.com/avatar/743fdc8d9719079f2af73c5889284fe2?size=200&default=https%3A%2F%2Fcldup.com%2FFIjisumbxl.png"
    },
    {
      "handle": "durran",
      "packages": 10,
      "name": null,
      "email": "durran@gmail.com",
      "homepage": null,
      "github": null,
      "twitter": null,
      "freenode": null,
      "gravatar": "https://gravatar.com/avatar/6f09262a13427532461b0b618d445b1e?size=200&default=https%3A%2F%2Fcldup.com%2FFIjisumbxl.png"
    },
    {
      "handle": "sofroniewn",
      "packages": 10,
      "name": null,
      "email": "sofroniewn@gmail.com",
      "homepage": null,
      "github": null,
      "twitter": null,
      "freenode": null,
      "gravatar": "https://gravatar.com/avatar/7d220df359d9ffc73db2c6ef6ffb1093?size=200&default=https%3A%2F%2Fcldup.com%2FFIjisumbxl.png"
    },
    {
      "handle": "mongodb-js-user",
      "packages": 10,
      "name": null,
      "email": "dana.groff+mongodb-js@mongodb.com",
      "homepage": "http://mongodb-js.github.io",
      "github": "mongodb-js",
      "twitter": null,
      "freenode": null,
      "gravatar": "https://gravatar.com/avatar/0b3d33633be7d3fc3ef0d766a91004c5?size=200&default=https%3A%2F%2Fcldup.com%2FFIjisumbxl.png"
    },
    {
      "handle": "rueckstiess",
      "packages": 10,
      "name": "Thomas Rueckstiess",
      "email": "thomas@rueckstiess.net",
      "homepage": null,
      "github": "rueckstiess",
      "twitter": "tomonezero",
      "freenode": null,
      "gravatar": "https://gravatar.com/avatar/664a2cdb7a0e706e4a062ce880989dbd?size=200&default=https%3A%2F%2Fcldup.com%2FFIjisumbxl.png"
    },
    {
      "handle": "ragingwind",
      "packages": 9,
      "name": "Jimmy Moon",
      "email": "ragingwind@gmail.com",
      "homepage": "http://ragingwind.me",
      "github": "ragingwind",
      "twitter": "ragingwind",
      "freenode": null,
      "gravatar": "https://gravatar.com/avatar/687ac25540fe35fcb5e828f75c4a6079?size=200&default=https%3A%2F%2Fcldup.com%2FFIjisumbxl.png"
    },
    {
      "handle": "jprichardson",
      "packages": 9,
      "name": "JP Richardson",
      "email": "jprichardson@gmail.com",
      "homepage": "http://procbits.com/pages/about",
      "github": "jprichardson",
      "twitter": "jprichardson",
      "freenode": null,
      "gravatar": "https://gravatar.com/avatar/0f56a5e429de009a27b0ae8f796ef2df?size=200&default=https%3A%2F%2Fcldup.com%2FFIjisumbxl.png"
    },
    {
      "handle": "machyne",
      "packages": 9,
      "name": "Matt Cotter",
      "email": "mcotter222@gmail.com",
      "homepage": null,
      "github": "machyne",
      "twitter": null,
      "freenode": null,
      "gravatar": "https://gravatar.com/avatar/eeaf9f4e09b5e93ef10c8c33be80586e?size=200&default=https%3A%2F%2Fcldup.com%2FFIjisumbxl.png"
    },
    {
      "handle": "wangky",
      "packages": 9,
      "name": "wangkaiyuan",
      "email": "116356754@qq.com",
      "homepage": null,
      "github": "116356754",
      "twitter": null,
      "freenode": null,
      "gravatar": "https://gravatar.com/avatar/7a09ea2ff2538a03a371f4985571ae2e?size=200&default=https%3A%2F%2Fcldup.com%2FFIjisumbxl.png"
    },
    {
      "handle": "rgbkrk",
      "packages": 9,
      "name": "Kyle Kelley",
      "email": "rgbkrk@gmail.com",
      "homepage": "https://github.com/rgbkrk",
      "github": "rgbkrk",
      "twitter": "rgbkrk",
      "freenode": "rgbkrk",
      "gravatar": "https://gravatar.com/avatar/e76c7ebc9d2e8a4b840f13cd01946437?size=200&default=https%3A%2F%2Fcldup.com%2FFIjisumbxl.png"
    },
    {
      "handle": "unindented",
      "packages": 9,
      "name": "Daniel Perez Alvarez",
      "email": "unindented@gmail.com",
      "homepage": null,
      "github": "unindented",
      "twitter": "unindented",
      "freenode": null,
      "gravatar": "https://gravatar.com/avatar/ac7e1bdb81717198a0facace84947073?size=200&default=https%3A%2F%2Fcldup.com%2FFIjisumbxl.png"
    },
    {
      "handle": "mmckegg",
      "packages": 8,
      "name": "Matt McKegg",
      "email": "matt@wetsand.co.nz",
      "homepage": null,
      "github": "mmckegg",
      "twitter": "MattMcKegg",
      "freenode": null,
      "gravatar": "https://gravatar.com/avatar/4841212596213e29fdf3f003a65f91e5?size=200&default=https%3A%2F%2Fcldup.com%2FFIjisumbxl.png"
    },
    {
      "handle": "mafintosh",
      "packages": 8,
      "name": "Mathias Buus",
      "email": "mathiasbuus@gmail.com",
      "homepage": null,
      "github": "mafintosh",
      "twitter": "mafintosh",
      "freenode": "mafintosh",
      "gravatar": "https://gravatar.com/avatar/030556ade504409a2e995107e4acc189?size=200&default=https%3A%2F%2Fcldup.com%2FFIjisumbxl.png"
    },
    {
      "handle": "rynomad",
      "packages": 8,
      "name": null,
      "email": "nomad.ry@gmail.com",
      "homepage": null,
      "github": null,
      "twitter": null,
      "freenode": null,
      "gravatar": "https://gravatar.com/avatar/f64549649b0c4ea13e2cb67b7db02b19?size=200&default=https%3A%2F%2Fcldup.com%2FFIjisumbxl.png"
    },
    {
      "handle": "jameskyburz",
      "packages": 8,
      "name": null,
      "email": "james.kyburz@gmail.com",
      "homepage": null,
      "github": null,
      "twitter": null,
      "freenode": null,
      "gravatar": "https://gravatar.com/avatar/b611219c66d0577a7345d28a4cfcd69e?size=200&default=https%3A%2F%2Fcldup.com%2FFIjisumbxl.png"
    },
    {
      "handle": "marshallofsound",
      "packages": 8,
      "name": "Samuel Attard",
      "email": "samuel.r.attard@gmail.com",
      "homepage": "http://samuelattard.com",
      "github": "marshallofsound",
      "twitter": "marshallofsound",
      "freenode": null,
      "gravatar": "https://gravatar.com/avatar/1576c987b53868acf73d6ccb08110a78?size=200&default=https%3A%2F%2Fcldup.com%2FFIjisumbxl.png"
    },
    {
      "handle": "benogle",
      "packages": 7,
      "name": null,
      "email": "ogle.ben@gmail.com",
      "homepage": null,
      "github": null,
      "twitter": null,
      "freenode": null,
      "gravatar": "https://gravatar.com/avatar/cab0a3e4258a50447357832c922c956b?size=200&default=https%3A%2F%2Fcldup.com%2FFIjisumbxl.png"
    },
    {
      "handle": "as-cii",
      "packages": 7,
      "name": "Antonio Scandurra",
      "email": "as-cii@github.com",
      "homepage": "http://as-cii.com",
      "github": "as-cii",
      "twitter": "as__cii",
      "freenode": null,
      "gravatar": "https://gravatar.com/avatar/77967a1689f5ea82aeb1a3f9c7ff5a43?size=200&default=https%3A%2F%2Fcldup.com%2FFIjisumbxl.png"
    },
    {
      "handle": "kangas",
      "packages": 7,
      "name": "Matt Kangas",
      "email": "kangas@gmail.com",
      "homepage": "http://mattkangas.com",
      "github": "kangas",
      "twitter": "mattkangas",
      "freenode": null,
      "gravatar": "https://gravatar.com/avatar/072d72d5f9ca164e3ff232cb97358ec8?size=200&default=https%3A%2F%2Fcldup.com%2FFIjisumbxl.png"
    },
    {
      "handle": "shama",
      "packages": 6,
      "name": "Kyle Robinson Young",
      "email": "kyle@dontkry.com",
      "homepage": "http://dontkry.com",
      "github": "shama",
      "twitter": "shamakry",
      "freenode": "shama",
      "gravatar": "https://gravatar.com/avatar/5211ea711bb06482530172f77732f61a?size=200&default=https%3A%2F%2Fcldup.com%2FFIjisumbxl.png"
    },
    {
      "handle": "fritx",
      "packages": 6,
      "name": "Fritz Lin",
      "email": "uxfritz@163.com",
      "homepage": "http://github.com/fritx",
      "github": "fritx",
      "twitter": null,
      "freenode": null,
      "gravatar": "https://gravatar.com/avatar/8e50c9ece1c7fcb8cd148fbf01cae221?size=200&default=https%3A%2F%2Fcldup.com%2FFIjisumbxl.png"
    },
    {
      "handle": "jdfreder",
      "packages": 6,
      "name": "Jonathan Frederic",
      "email": "jon.freder@gmail.com",
      "homepage": "http://bitplexity.com",
      "github": "jdfreder",
      "twitter": "GooseJon",
      "freenode": null,
      "gravatar": "https://gravatar.com/avatar/b1f673c52652af7c78775ad4c8d2640c?size=200&default=https%3A%2F%2Fcldup.com%2FFIjisumbxl.png"
    },
    {
      "handle": "juliangruber",
      "packages": 6,
      "name": "Julian Gruber",
      "email": "julian@juliangruber.com",
      "homepage": null,
      "github": "juliangruber",
      "twitter": "juliangruber",
      "freenode": null,
      "gravatar": "https://gravatar.com/avatar/a010d5218f2c3d194dbbac9c5d14d0ad?size=200&default=https%3A%2F%2Fcldup.com%2FFIjisumbxl.png"
    },
    {
      "handle": "bugdanov",
      "packages": 6,
      "name": null,
      "email": "rurik.bugdanov@alsenet.com",
      "homepage": null,
      "github": null,
      "twitter": null,
      "freenode": null,
      "gravatar": "https://gravatar.com/avatar/147200925deb6240af7728283420f6ec?size=200&default=https%3A%2F%2Fcldup.com%2FFIjisumbxl.png"
    },
    {
      "handle": "fasterthanlime",
      "packages": 6,
      "name": "Amos Wenger",
      "email": "amoswenger@gmail.com",
      "homepage": "https://amos.me",
      "github": "fasterthanlime",
      "twitter": "fasterthanlime",
      "freenode": "fasterthanlime",
      "gravatar": "https://gravatar.com/avatar/8ee198a1d31608d510ba929fcf1c3c4b?size=200&default=https%3A%2F%2Fcldup.com%2FFIjisumbxl.png"
    },
    {
      "handle": "kanekotic",
      "packages": 6,
      "name": "Alvaro J Perez L",
      "email": "alvarojosepl@gmail.com",
      "homepage": null,
      "github": "kanekotic",
      "twitter": null,
      "freenode": null,
      "gravatar": "https://gravatar.com/avatar/c58a6431c5138d4a634f2960e91c94ca?size=200&default=https%3A%2F%2Fcldup.com%2FFIjisumbxl.png"
    },
    {
      "handle": "lukekarrys",
      "packages": 6,
      "name": "Luke Karrys",
      "email": "luke@lukekarrys.com",
      "homepage": "http://lukekarrys.com",
      "github": "lukekarrys",
      "twitter": null,
      "freenode": "lukekarrys",
      "gravatar": "https://gravatar.com/avatar/8e36a299b7f70bc7bf28d12c1f866a8f?size=200&default=https%3A%2F%2Fcldup.com%2FFIjisumbxl.png"
    },
    {
      "handle": "cilix",
      "packages": 5,
      "name": "matthew levenstein",
      "email": "matthewlevenstein@gmail.com",
      "homepage": null,
      "github": "cilix",
      "twitter": null,
      "freenode": null,
      "gravatar": "https://gravatar.com/avatar/c04fa8f440107c53336e7d545c76859a?size=200&default=https%3A%2F%2Fcldup.com%2FFIjisumbxl.png"
    },
    {
      "handle": "micheal.parks",
      "packages": 5,
      "name": "Micheal",
      "email": "michealparks1989@gmail.com",
      "homepage": null,
      "github": "michealparks",
      "twitter": "_michealparks_",
      "freenode": null,
      "gravatar": "https://gravatar.com/avatar/9e52a13889c6209cbdc910d93be6a3b8?size=200&default=https%3A%2F%2Fcldup.com%2FFIjisumbxl.png"
    },
    {
      "handle": "kay-kim",
      "packages": 5,
      "name": null,
      "email": "kay@mongodb.com",
      "homepage": null,
      "github": null,
      "twitter": null,
      "freenode": null,
      "gravatar": "https://gravatar.com/avatar/5389acb23ee05a1713451dd6bb3e80ab?size=200&default=https%3A%2F%2Fcldup.com%2FFIjisumbxl.png"
    },
    {
      "handle": "schwartzrw",
      "packages": 5,
      "name": "Ryan Schwartz",
      "email": "schwartzrw@gmail.com",
      "homepage": null,
      "github": "schwartzrw",
      "twitter": "schwartzrw",
      "freenode": null,
      "gravatar": "https://gravatar.com/avatar/99a46304474e76cca2a28492f6c9784f?size=200&default=https%3A%2F%2Fcldup.com%2FFIjisumbxl.png"
    },
    {
      "handle": "jenslind",
      "packages": 5,
      "name": null,
      "email": "jens@jensl.se",
      "homepage": null,
      "github": "jenslind",
      "twitter": null,
      "freenode": null,
      "gravatar": "https://gravatar.com/avatar/9d300e2a5a18a2cc61b2f418b7c9df3f?size=200&default=https%3A%2F%2Fcldup.com%2FFIjisumbxl.png"
    },
    {
      "handle": "trivnowllc",
      "packages": 5,
      "name": "Sal Principato",
      "email": "trivnow@gmail.com",
      "homepage": null,
      "github": null,
      "twitter": null,
      "freenode": null,
      "gravatar": "https://gravatar.com/avatar/682c270e9fbea6e9657379458eb04223?size=200&default=https%3A%2F%2Fcldup.com%2FFIjisumbxl.png"
    },
    {
      "handle": "nathanial",
      "packages": 5,
      "name": "Nathanial Hartman",
      "email": "nathanial.hartman@gmail.com",
      "homepage": null,
      "github": "nathanial",
      "twitter": null,
      "freenode": null,
      "gravatar": "https://gravatar.com/avatar/e4a82c61ebb6cf6dafb7bc6b8468ccd8?size=200&default=https%3A%2F%2Fcldup.com%2FFIjisumbxl.png"
    },
    {
      "handle": "sidneys",
      "packages": 5,
      "name": "Sidney Bofah",
      "email": "sidneys.github.io@outlook.com",
      "homepage": null,
      "github": "sidneys",
      "twitter": "quadrigamedia",
      "freenode": null,
      "gravatar": "https://gravatar.com/avatar/fec55dfc702ff1f9aa09a32e78a511ff?size=200&default=https%3A%2F%2Fcldup.com%2FFIjisumbxl.png"
    },
    {
      "handle": "lgeiger",
      "packages": 5,
      "name": null,
      "email": "lukas.geiger94@gmail.com",
      "homepage": null,
      "github": "lgeiger",
      "twitter": null,
      "freenode": null,
      "gravatar": "https://gravatar.com/avatar/a18571d02474547c0016efdb285b02cd?size=200&default=https%3A%2F%2Fcldup.com%2FFIjisumbxl.png"
    },
    {
      "handle": "captainsafia",
      "packages": 5,
      "name": "Safia Abdalla",
      "email": "safia@safia.rocks",
      "homepage": "http://safia.rocks",
      "github": "captainsafia",
      "twitter": "captainsafia",
      "freenode": null,
      "gravatar": "https://gravatar.com/avatar/a992289fd04a8c680ffa777f6bc4c9c0?size=200&default=https%3A%2F%2Fcldup.com%2FFIjisumbxl.png"
    },
    {
      "handle": "mappum",
      "packages": 5,
      "name": null,
      "email": "mappum@gmail.com",
      "homepage": null,
      "github": null,
      "twitter": null,
      "freenode": null,
      "gravatar": "https://gravatar.com/avatar/4c45b726e3fa45b69ecea5adbe9bdabe?size=200&default=https%3A%2F%2Fcldup.com%2FFIjisumbxl.png"
    },
    {
      "handle": "bma",
      "packages": 5,
      "name": null,
      "email": "bjoern@electronauts.net",
      "homepage": null,
      "github": null,
      "twitter": null,
      "freenode": null,
      "gravatar": "https://gravatar.com/avatar/785d816e9c47959574ad5e0332bcb6b2?size=200&default=https%3A%2F%2Fcldup.com%2FFIjisumbxl.png"
    },
    {
      "handle": "i80and",
      "packages": 5,
      "name": "Andrew Aldridge",
      "email": "i80and@foxquill.com",
      "homepage": "https://foxquill.com",
      "github": "i80and",
      "twitter": "i80and",
      "freenode": null,
      "gravatar": "https://gravatar.com/avatar/ca276293d0e1de556783346d33b48cd7?size=200&default=https%3A%2F%2Fcldup.com%2FFIjisumbxl.png"
    },
    {
      "handle": "arvitaly",
      "packages": 5,
      "name": null,
      "email": "arvitaly@list.ru",
      "homepage": null,
      "github": null,
      "twitter": null,
      "freenode": null,
      "gravatar": "https://gravatar.com/avatar/2a53a6f32192da6a0a0e0dfce43edcb4?size=200&default=https%3A%2F%2Fcldup.com%2FFIjisumbxl.png"
    },
    {
      "handle": "twolfson",
      "packages": 5,
      "name": null,
      "email": "todd@twolfson.com",
      "homepage": null,
      "github": null,
      "twitter": null,
      "freenode": null,
      "gravatar": "https://gravatar.com/avatar/15927fc52919e9223adc7ed99e125d4d?size=200&default=https%3A%2F%2Fcldup.com%2FFIjisumbxl.png"
    },
    {
      "handle": "jakeluer",
      "packages": 5,
      "name": "Jake Luer",
      "email": "jake@alogicalparadox.com",
      "homepage": "http://qualiancy.com",
      "github": "logicalparadox",
      "twitter": "jakeluer",
      "freenode": "logicalparadox",
      "gravatar": "https://gravatar.com/avatar/9c128c550d503b1fd4024c9fd68f0f50?size=200&default=https%3A%2F%2Fcldup.com%2FFIjisumbxl.png"
    },
    {
      "handle": "glowe",
      "packages": 5,
      "name": null,
      "email": "graham.lowe@gmail.com",
      "homepage": null,
      "github": null,
      "twitter": null,
      "freenode": null,
      "gravatar": "https://gravatar.com/avatar/e4b1ccf7709ffd63000d4343b47c52e9?size=200&default=https%3A%2F%2Fcldup.com%2FFIjisumbxl.png"
    },
    {
      "handle": "redondos",
      "packages": 5,
      "name": "Angelo Olivera",
      "email": "aolivera@gmail.com",
      "homepage": null,
      "github": "redondos",
      "twitter": "redondos",
      "freenode": "redondos",
      "gravatar": "https://gravatar.com/avatar/ef0a67b41c712b1d004cc9ec1a54020c?size=200&default=https%3A%2F%2Fcldup.com%2FFIjisumbxl.png"
    },
    {
      "handle": "dominictarr",
      "packages": 5,
      "name": "Dominic Tarr",
      "email": "dominic.tarr@gmail.com",
      "homepage": "http://dominictarr.com",
      "github": "dominictarr",
      "twitter": "dominictarr",
      "freenode": "dominictarr",
      "gravatar": "https://gravatar.com/avatar/8225d7ca5e83a3f9f0bb89a61d5df72c?size=200&default=https%3A%2F%2Fcldup.com%2FFIjisumbxl.png"
    },
    {
      "handle": "feross",
      "packages": 5,
      "name": "Feross Aboukhadijeh",
      "email": "feross@feross.org",
      "homepage": "http://feross.org",
      "github": "feross",
      "twitter": "feross",
      "freenode": "feross",
      "gravatar": "https://gravatar.com/avatar/b498d33041627b07726dc29c28f02df7?size=200&default=https%3A%2F%2Fcldup.com%2FFIjisumbxl.png"
    },
    {
      "handle": "dpercy",
      "packages": 5,
      "name": "David Percy",
      "email": "davetp425@gmail.com",
      "homepage": null,
      "github": "dpercy",
      "twitter": null,
      "freenode": null,
      "gravatar": "https://gravatar.com/avatar/d829c64aa80b3502b79b45ce22c9e4cd?size=200&default=https%3A%2F%2Fcldup.com%2FFIjisumbxl.png"
    },
    {
      "handle": "akameco",
      "packages": 5,
      "name": "akameco",
      "email": "akameco.t@gmail.com",
      "homepage": null,
      "github": "akameco",
      "twitter": "akameco",
      "freenode": null,
      "gravatar": "https://gravatar.com/avatar/1070f7a89c8c7ae6ded9306a5c2f1888?size=200&default=https%3A%2F%2Fcldup.com%2FFIjisumbxl.png"
    },
    {
      "handle": "dfrankland",
      "packages": 4,
      "name": "Dylan Frankland",
      "email": "dylan@frankland.io",
      "homepage": "http://dylan.frankland.io",
      "github": "dfrankland",
      "twitter": "dfrankland_",
      "freenode": null,
      "gravatar": "https://gravatar.com/avatar/1c385b9f5cc9ebca53674a7386829ae2?size=200&default=https%3A%2F%2Fcldup.com%2FFIjisumbxl.png"
    },
    {
      "handle": "wearhere",
      "packages": 4,
      "name": null,
      "email": "jeffreywear@gmail.com",
      "homepage": null,
      "github": "wearhere",
      "twitter": "wear_here",
      "freenode": null,
      "gravatar": "https://gravatar.com/avatar/aaf143fc290a92af46e03ab7b62a8340?size=200&default=https%3A%2F%2Fcldup.com%2FFIjisumbxl.png"
    },
    {
      "handle": "yoshuawuyts",
      "packages": 4,
      "name": "Yoshua Wuyts ",
      "email": "i@yoshuawuyts.com",
      "homepage": "http://yoshuawuyts.com",
      "github": "yoshuawuyts",
      "twitter": "yoshuawuyts",
      "freenode": "yoshuawuyts",
      "gravatar": "https://gravatar.com/avatar/ea1d6a645988b809535ded4df0b9e3bb?size=200&default=https%3A%2F%2Fcldup.com%2FFIjisumbxl.png"
    },
    {
      "handle": "yan-foto",
      "packages": 4,
      "name": null,
      "email": "yan.foto@quaintous.com",
      "homepage": null,
      "github": null,
      "twitter": null,
      "freenode": null,
      "gravatar": "https://gravatar.com/avatar/c00fadf5a477a8f770e91fdd7b356e76?size=200&default=https%3A%2F%2Fcldup.com%2FFIjisumbxl.png"
    },
    {
      "handle": "jgeurts",
      "packages": 4,
      "name": "Jim Geurts",
      "email": "jim@biacreations.com",
      "homepage": null,
      "github": "jgeurts",
      "twitter": "jgeurts",
      "freenode": null,
      "gravatar": "https://gravatar.com/avatar/1c7f9b46de2fa570802d7accd6d1a822?size=200&default=https%3A%2F%2Fcldup.com%2FFIjisumbxl.png"
    },
    {
      "handle": "mhkeller",
      "packages": 4,
      "name": "Michael Keller",
      "email": "michael.keller@gmail.com",
      "homepage": null,
      "github": "mhkeller",
      "twitter": "mhkeler",
      "freenode": null,
      "gravatar": "https://gravatar.com/avatar/615d82e9c4fd1dcc4bd27683ee40c6bc?size=200&default=https%3A%2F%2Fcldup.com%2FFIjisumbxl.png"
    },
    {
      "handle": "joshwnj",
      "packages": 4,
      "name": null,
      "email": "josh@x-team.com",
      "homepage": null,
      "github": null,
      "twitter": null,
      "freenode": null,
      "gravatar": "https://gravatar.com/avatar/a5c3679ad75acdf9fd211819ae34fdfa?size=200&default=https%3A%2F%2Fcldup.com%2FFIjisumbxl.png"
    },
    {
      "handle": "narazaka",
      "packages": 4,
      "name": "Narazaka",
      "email": "info@narazaka.net",
      "homepage": "http://narazaka.net/",
      "github": "Narazaka",
      "twitter": null,
      "freenode": "Narazaka",
      "gravatar": "https://gravatar.com/avatar/87fcb2fcbc2656c1989adca2acc60822?size=200&default=https%3A%2F%2Fcldup.com%2FFIjisumbxl.png"
    },
    {
      "handle": "jibo",
      "packages": 4,
      "name": "Jibo Inc.",
      "email": "devsupport@jibo.com",
      "homepage": "http://jibo.com/",
      "github": "jiborobot",
      "twitter": "jiborobot",
      "freenode": null,
      "gravatar": "https://gravatar.com/avatar/67f2082f6385af0f2e7555248eab6986?size=200&default=https%3A%2F%2Fcldup.com%2FFIjisumbxl.png"
    },
    {
      "handle": "brahmgardner",
      "packages": 4,
      "name": "Brahm Gardner",
      "email": "brahm.gardner@gmail.com",
      "homepage": null,
      "github": "brahmgardner",
      "twitter": null,
      "freenode": null,
      "gravatar": "https://gravatar.com/avatar/756fa6e803cb3109c846ed9cfe63d0cb?size=200&default=https%3A%2F%2Fcldup.com%2FFIjisumbxl.png"
    },
    {
      "handle": "shum",
      "packages": 4,
      "name": "Christopher Shum",
      "email": "chris.shum@mongodb.com",
      "homepage": null,
      "github": "shum",
      "twitter": null,
      "freenode": null,
      "gravatar": "https://gravatar.com/avatar/937a7a158eaac675887ce29b1ae54ad9?size=200&default=https%3A%2F%2Fcldup.com%2FFIjisumbxl.png"
    },
    {
      "handle": "same",
      "packages": 4,
      "name": "Sam Eaton",
      "email": "sameaton11@gmail.com",
      "homepage": null,
      "github": "samueleaton",
      "twitter": "eatingRaisins",
      "freenode": null,
      "gravatar": "https://gravatar.com/avatar/f66ad955ba5bfeb21e8af6fec690bec9?size=200&default=https%3A%2F%2Fcldup.com%2FFIjisumbxl.png"
    },
    {
      "handle": "amit_merchant",
      "packages": 4,
      "name": "Amit Merchant",
      "email": "bullredeyes@gmail.com",
      "homepage": null,
      "github": "amitmerchant1990",
      "twitter": "amit_merchant",
      "freenode": null,
      "gravatar": "https://gravatar.com/avatar/53c01be22c733229924a63b70878e54a?size=200&default=https%3A%2F%2Fcldup.com%2FFIjisumbxl.png"
    },
    {
      "handle": "orbitbot",
      "packages": 4,
      "name": null,
      "email": "patrik@zebros.fi",
      "homepage": null,
      "github": null,
      "twitter": null,
      "freenode": null,
      "gravatar": "https://gravatar.com/avatar/a33b419095e3a9167c36cf2d5039103c?size=200&default=https%3A%2F%2Fcldup.com%2FFIjisumbxl.png"
    },
    {
      "handle": "maxkorp",
      "packages": 4,
      "name": "Maximiliano Korp",
      "email": "maxkorp@8bytealchemy.com",
      "homepage": null,
      "github": "maxkorp",
      "twitter": "maximilianokorp",
      "freenode": null,
      "gravatar": "https://gravatar.com/avatar/745462e356c82cb76df467f93748bd6a?size=200&default=https%3A%2F%2Fcldup.com%2FFIjisumbxl.png"
    },
    {
      "handle": "wojtkowiak",
      "packages": 4,
      "name": null,
      "email": "bartosz@wojtkowiak.it",
      "homepage": "http://wojtkowiak.it",
      "github": "wojtkowiak",
      "twitter": null,
      "freenode": null,
      "gravatar": "https://gravatar.com/avatar/64d5fa8ae87c686b41fd54f824c25419?size=200&default=https%3A%2F%2Fcldup.com%2FFIjisumbxl.png"
    },
    {
      "handle": "soederpop",
      "packages": 4,
      "name": "Jonathan Soeder",
      "email": "jon@chicago.com",
      "homepage": "https://architects.io",
      "github": "architects",
      "twitter": "soederpop",
      "freenode": null,
      "gravatar": "https://gravatar.com/avatar/dbd2de6804be1cdd3df3100dc29a73ca?size=200&default=https%3A%2F%2Fcldup.com%2FFIjisumbxl.png"
    },
    {
      "handle": "noteon",
      "packages": 4,
      "name": null,
      "email": "noteon@gmail.com",
      "homepage": null,
      "github": null,
      "twitter": null,
      "freenode": null,
      "gravatar": "https://gravatar.com/avatar/c8939a499a92e707a726a18122148436?size=200&default=https%3A%2F%2Fcldup.com%2FFIjisumbxl.png"
    },
    {
      "handle": "s-a",
      "packages": 3,
      "name": null,
      "email": "stephan.ahlf@gmail.com",
      "homepage": null,
      "github": null,
      "twitter": null,
      "freenode": null,
      "gravatar": "https://gravatar.com/avatar/f10c59f5711f787f80a67405e0e815f1?size=200&default=https%3A%2F%2Fcldup.com%2FFIjisumbxl.png"
    },
    {
      "handle": "freeman-lab",
      "packages": 3,
      "name": "Jeremy Freeman",
      "email": "the.freeman.lab@gmail.com",
      "homepage": "http://thefreemanlab.com",
      "github": "freeman-lab",
      "twitter": "thefreemanlab",
      "freenode": null,
      "gravatar": "https://gravatar.com/avatar/f19e21b5a19032902638f1fb2c4ee49f?size=200&default=https%3A%2F%2Fcldup.com%2FFIjisumbxl.png"
    },
    {
      "handle": "alchapone",
      "packages": 3,
      "name": "Alex Chaplinsky",
      "email": "alchaplinsky@gmail.com",
      "homepage": null,
      "github": "alchapone",
      "twitter": "alchaplinsky",
      "freenode": null,
      "gravatar": "https://gravatar.com/avatar/4fc62bd3e33e6b8213c65b44daffc7db?size=200&default=https%3A%2F%2Fcldup.com%2FFIjisumbxl.png"
    },
    {
      "handle": "hugohil",
      "packages": 3,
      "name": null,
      "email": "hugo@soixantecircuits.fr",
      "homepage": null,
      "github": null,
      "twitter": null,
      "freenode": null,
      "gravatar": "https://gravatar.com/avatar/11fdfc510db92fd15632d1ccca028716?size=200&default=https%3A%2F%2Fcldup.com%2FFIjisumbxl.png"
    },
    {
      "handle": "subuta",
      "packages": 3,
      "name": null,
      "email": "shunta.3110@gmail.com",
      "homepage": null,
      "github": null,
      "twitter": null,
      "freenode": null,
      "gravatar": "https://gravatar.com/avatar/5c10054ce23972b2e51aaa2943c39c8c?size=200&default=https%3A%2F%2Fcldup.com%2FFIjisumbxl.png"
    },
    {
      "handle": "cronvel",
      "packages": 3,
      "name": "Cédric Ronvel",
      "email": "cedric.ronvel@gmail.com",
      "homepage": "http://blog.soulserv.net",
      "github": "cronvel",
      "twitter": "cr0nv3l",
      "freenode": null,
      "gravatar": "https://gravatar.com/avatar/6352d30861694381311aa45c18c1f192?size=200&default=https%3A%2F%2Fcldup.com%2FFIjisumbxl.png"
    },
    {
      "handle": "ewnd9",
      "packages": 3,
      "name": "ewnd9",
      "email": "ewndnine@gmail.com",
      "homepage": "http://ewnd9.com",
      "github": "ewnd9",
      "twitter": "ewnd9",
      "freenode": "ewnd9",
      "gravatar": "https://gravatar.com/avatar/4e4c332481a1a697146ca7eca940c672?size=200&default=https%3A%2F%2Fcldup.com%2FFIjisumbxl.png"
    },
    {
      "handle": "azu",
      "packages": 3,
      "name": "azu",
      "email": "azuciao@gmail.com",
      "homepage": "http://efcl.info/",
      "github": "azu",
      "twitter": "azu_re",
      "freenode": null,
      "gravatar": "https://gravatar.com/avatar/274ac35774956379f381cb41bb6e2524?size=200&default=https%3A%2F%2Fcldup.com%2FFIjisumbxl.png"
    },
    {
      "handle": "urucas",
      "packages": 3,
      "name": "Urucas",
      "email": "hello@urucas.com",
      "homepage": "http://urucas.com",
      "github": "urucas",
      "twitter": "urucas",
      "freenode": null,
      "gravatar": "https://gravatar.com/avatar/313f6dbc8be1ca10e2d7077a3496e8de?size=200&default=https%3A%2F%2Fcldup.com%2FFIjisumbxl.png"
    },
    {
      "handle": "xudafeng",
      "packages": 3,
      "name": "xudafeng",
      "email": "xudafeng@126.com",
      "homepage": "http://xdf.me/",
      "github": "xudafeng",
      "twitter": null,
      "freenode": null,
      "gravatar": "https://gravatar.com/avatar/d073bab2ffabc6aff53d6af77662a149?size=200&default=https%3A%2F%2Fcldup.com%2FFIjisumbxl.png"
    },
    {
      "handle": "automation-stack",
      "packages": 3,
      "name": null,
      "email": "aleksandr.komlev@gmail.com",
      "homepage": null,
      "github": null,
      "twitter": null,
      "freenode": null,
      "gravatar": "https://gravatar.com/avatar/bb67bdaf17a5beef8c9b8dcfb1f4ce02?size=200&default=https%3A%2F%2Fcldup.com%2FFIjisumbxl.png"
    },
    {
      "handle": "pfraze",
      "packages": 3,
      "name": null,
      "email": "pfrazee@gmail.com",
      "homepage": null,
      "github": null,
      "twitter": null,
      "freenode": null,
      "gravatar": "https://gravatar.com/avatar/88e8e6d6c8b93c91e6dcce053dfbb915?size=200&default=https%3A%2F%2Fcldup.com%2FFIjisumbxl.png"
    },
    {
      "handle": "tomaash",
      "packages": 3,
      "name": null,
      "email": "tomas.holas@gmail.com",
      "homepage": null,
      "github": null,
      "twitter": null,
      "freenode": null,
      "gravatar": "https://gravatar.com/avatar/c67c2cab2e0e9e347e10bed6d1a2c8f6?size=200&default=https%3A%2F%2Fcldup.com%2FFIjisumbxl.png"
    },
    {
      "handle": "cdaringe",
      "packages": 3,
      "name": "Christopher Dieringer",
      "email": "cdaringe@gmail.com",
      "homepage": "http://cdaringe.com",
      "github": "cdaringe",
      "twitter": "cdaringe",
      "freenode": "cdaringe",
      "gravatar": "https://gravatar.com/avatar/eeb83fbd06f567fd0561fa2839d3939b?size=200&default=https%3A%2F%2Fcldup.com%2FFIjisumbxl.png"
    },
    {
      "handle": "gerhardberger",
      "packages": 3,
      "name": "gellert hegyi",
      "email": "93.morph@gmail.com",
      "homepage": null,
      "github": "gerhardberger",
      "twitter": "native_cat",
      "freenode": null,
      "gravatar": "https://gravatar.com/avatar/17a075c79d964823d315ad6af1460ec1?size=200&default=https%3A%2F%2Fcldup.com%2FFIjisumbxl.png"
    },
    {
      "handle": "bigtimebuddy",
      "packages": 3,
      "name": "Matt Karl",
      "email": "matt@mattkarl.com",
      "homepage": null,
      "github": "bigtimebuddy",
      "twitter": "bigtimebuddy",
      "freenode": null,
      "gravatar": "https://gravatar.com/avatar/22af273ac457d9bec52a30afbdbfe3e7?size=200&default=https%3A%2F%2Fcldup.com%2FFIjisumbxl.png"
    },
    {
      "handle": "betatim",
      "packages": 3,
      "name": "Tim Head",
      "email": "betatim@gmail.com",
      "homepage": "http://betatim.github.io",
      "github": "betatim",
      "twitter": "betatim",
      "freenode": null,
      "gravatar": "https://gravatar.com/avatar/9e5755d13920a75666697d385b9be6b7?size=200&default=https%3A%2F%2Fcldup.com%2FFIjisumbxl.png"
    },
    {
      "handle": "ellell",
      "packages": 3,
      "name": "Lisa Övermyr",
      "email": "lisaovermyr@gmail.com",
      "homepage": null,
      "github": null,
      "twitter": null,
      "freenode": null,
      "gravatar": "https://gravatar.com/avatar/b46e275467495f7d7d4b17b697a1307e?size=200&default=https%3A%2F%2Fcldup.com%2FFIjisumbxl.png"
    },
    {
      "handle": "ysp123",
      "packages": 3,
      "name": null,
      "email": "2096697975@qq.com",
      "homepage": null,
      "github": null,
      "twitter": null,
      "freenode": null,
      "gravatar": "https://gravatar.com/avatar/319476c7910327648f3010c0bced2f83?size=200&default=https%3A%2F%2Fcldup.com%2FFIjisumbxl.png"
    },
    {
      "handle": "bjrmatos",
      "packages": 3,
      "name": "BJR Matos",
      "email": "bjrmatos@gmail.com",
      "homepage": null,
      "github": "bjrmatos",
      "twitter": "bjrmatos",
      "freenode": null,
      "gravatar": "https://gravatar.com/avatar/7b63a14ea57fbfeacce405f5051b6da6?size=200&default=https%3A%2F%2Fcldup.com%2FFIjisumbxl.png"
    },
    {
      "handle": "jhen0409",
      "packages": 3,
      "name": "Jhen",
      "email": "iainst0409@gmail.com",
      "homepage": null,
      "github": "jhen0409",
      "twitter": "jhen_jie",
      "freenode": null,
      "gravatar": "https://gravatar.com/avatar/cdea435e1117a51f615b0edaf8b9f80c?size=200&default=https%3A%2F%2Fcldup.com%2FFIjisumbxl.png"
    },
    {
      "handle": "phated",
      "packages": 3,
      "name": "Blaine Bublitz",
      "email": "blaine.bublitz@gmail.com",
      "homepage": "https://github.com/phated",
      "github": "phated",
      "twitter": "BlaineBublitz",
      "freenode": "phated",
      "gravatar": "https://gravatar.com/avatar/b6eacb578b910a8efe75e07a5741c018?size=200&default=https%3A%2F%2Fcldup.com%2FFIjisumbxl.png"
    },
    {
      "handle": "fraserxu",
      "packages": 3,
      "name": "fraserxu",
      "email": "xvfeng123@gmail.com",
      "homepage": "http://fraserxu.me",
      "github": "fraserxu",
      "twitter": "fraserxu",
      "freenode": null,
      "gravatar": "https://gravatar.com/avatar/21403b8b5f544512598fe92a6f62eb5d?size=200&default=https%3A%2F%2Fcldup.com%2FFIjisumbxl.png"
    },
    {
      "handle": "aessig",
      "packages": 3,
      "name": "Aurelien Essig",
      "email": "auressig@gmail.com",
      "homepage": null,
      "github": "aessig",
      "twitter": null,
      "freenode": null,
      "gravatar": "https://gravatar.com/avatar/8ed9341587640aaf28d160a19743e521?size=200&default=https%3A%2F%2Fcldup.com%2FFIjisumbxl.png"
    },
    {
      "handle": "chinedufn",
      "packages": 3,
      "name": null,
      "email": "frankie.nwafili@gmail.com",
      "homepage": null,
      "github": null,
      "twitter": null,
      "freenode": null,
      "gravatar": "https://gravatar.com/avatar/f4299dbaae9043c35a3374bdef870348?size=200&default=https%3A%2F%2Fcldup.com%2FFIjisumbxl.png"
    },
    {
      "handle": "brrd",
      "packages": 3,
      "name": null,
      "email": "contact@brrd.fr",
      "homepage": "http://brrd.fr",
      "github": "brrd",
      "twitter": null,
      "freenode": null,
      "gravatar": "https://gravatar.com/avatar/8ceafbc3ea6ed4ed9d057cf12f23992e?size=200&default=https%3A%2F%2Fcldup.com%2FFIjisumbxl.png"
    },
    {
      "handle": "felixrieseberg",
      "packages": 3,
      "name": "Felix Rieseberg",
      "email": "felix@felixrieseberg.com",
      "homepage": "http://www.felixrieseberg.com",
      "github": "felixrieseberg",
      "twitter": "felixrieseberg",
      "freenode": null,
      "gravatar": "https://gravatar.com/avatar/762d498d4070aa403b8a2de4ddd15c2d?size=200&default=https%3A%2F%2Fcldup.com%2FFIjisumbxl.png"
    },
    {
      "handle": "chentsulin",
      "packages": 3,
      "name": "LIN, CHEN-TSU",
      "email": "chentsulin@gmail.com",
      "homepage": null,
      "github": "chentsulin",
      "twitter": "ChentsuL",
      "freenode": null,
      "gravatar": "https://gravatar.com/avatar/460bc2e40836e7014bc6cfdd1b37d0ea?size=200&default=https%3A%2F%2Fcldup.com%2FFIjisumbxl.png"
    },
    {
      "handle": "francoislaberge",
      "packages": 3,
      "name": "Francois Laberge",
      "email": "francoislaberge@gmail.com",
      "homepage": "http://francoislaberge.com/",
      "github": "francoislaberge",
      "twitter": "francoislaberge",
      "freenode": null,
      "gravatar": "https://gravatar.com/avatar/41340a7f3930b7d87be5949c4e538410?size=200&default=https%3A%2F%2Fcldup.com%2FFIjisumbxl.png"
    },
    {
      "handle": "silverwind",
      "packages": 3,
      "name": null,
      "email": "npm@silverwind.io",
      "homepage": "http://github.com/silverwind",
      "github": "silverwind",
      "twitter": "silv3rwind",
      "freenode": "silv3rwind",
      "gravatar": "https://gravatar.com/avatar/8e190f087ebc4fc1f9c4729b607a39b7?size=200&default=https%3A%2F%2Fcldup.com%2FFIjisumbxl.png"
    },
    {
      "handle": "mvila",
      "packages": 3,
      "name": "Manuel Vila",
      "email": "mvila@3base.com",
      "homepage": null,
      "github": "mvila",
      "twitter": "mvila",
      "freenode": null,
      "gravatar": "https://gravatar.com/avatar/71dc08ae79c727ab5f249a148ae63c8c?size=200&default=https%3A%2F%2Fcldup.com%2FFIjisumbxl.png"
    },
    {
      "handle": "megahertz",
      "packages": 3,
      "name": "Alexey Prokhorov",
      "email": "alexey.p@l96.ru",
      "homepage": "http://github.com/megahertz/",
      "github": "megahertz",
      "twitter": null,
      "freenode": null,
      "gravatar": "https://gravatar.com/avatar/3b0158266355fd1dc7b971ae2fc844e0?size=200&default=https%3A%2F%2Fcldup.com%2FFIjisumbxl.png"
    },
    {
      "handle": "pessimistress",
      "packages": 3,
      "name": "Xiaoji Chen",
      "email": "cxiaoji@gmail.com",
      "homepage": null,
      "github": null,
      "twitter": null,
      "freenode": null,
      "gravatar": "https://gravatar.com/avatar/90f636e249d3c335841748538f9d5fa5?size=200&default=https%3A%2F%2Fcldup.com%2FFIjisumbxl.png"
    },
    {
      "handle": "ibgreen",
      "packages": 3,
      "name": "Ib",
      "email": "ib.green.home@gmail.com",
      "homepage": null,
      "github": "ibgreen",
      "twitter": null,
      "freenode": null,
      "gravatar": "https://gravatar.com/avatar/5e003fe1bcc110905643b3d6e498aff8?size=200&default=https%3A%2F%2Fcldup.com%2FFIjisumbxl.png"
    },
    {
      "handle": "kesla",
      "packages": 3,
      "name": "David Björklund",
      "email": "david.bjorklund@gmail.com",
      "homepage": "http://davidbjorklund.com",
      "github": "kesla",
      "twitter": "david_bjorklund",
      "freenode": null,
      "gravatar": "https://gravatar.com/avatar/b8d8878c23c7a3985f127df621f58470?size=200&default=https%3A%2F%2Fcldup.com%2FFIjisumbxl.png"
    },
    {
      "handle": "gnavvy",
      "packages": 3,
      "name": "Yang Wang",
      "email": "gnavvy@gmail.com",
      "homepage": null,
      "github": "gnavvy",
      "twitter": "gnavvy",
      "freenode": null,
      "gravatar": "https://gravatar.com/avatar/3d0d488d8f5e21a974c9671db6407d50?size=200&default=https%3A%2F%2Fcldup.com%2FFIjisumbxl.png"
    },
    {
      "handle": "jviotti",
      "packages": 3,
      "name": "Juan Cruz Viotti",
      "email": "jviotti@openmailbox.org",
      "homepage": null,
      "github": "jviotti",
      "twitter": null,
      "freenode": "jviotti",
      "gravatar": "https://gravatar.com/avatar/2f44ffd18fac9d365cfda73039152d30?size=200&default=https%3A%2F%2Fcldup.com%2FFIjisumbxl.png"
    },
    {
      "handle": "probablycorey",
      "packages": 3,
      "name": null,
      "email": "probablycorey@gmail.com",
      "homepage": null,
      "github": null,
      "twitter": null,
      "freenode": null,
      "gravatar": "https://gravatar.com/avatar/a3d8a48f95e020586ddb70eb121bfcca?size=200&default=https%3A%2F%2Fcldup.com%2FFIjisumbxl.png"
    },
    {
      "handle": "extr0py",
      "packages": 3,
      "name": null,
      "email": "admin@extropygames.com",
      "homepage": null,
      "github": null,
      "twitter": null,
      "freenode": null,
      "gravatar": "https://gravatar.com/avatar/aed138e0951b3a5ade5fef398c52212c?size=200&default=https%3A%2F%2Fcldup.com%2FFIjisumbxl.png"
    },
    {
      "handle": "ccnokes",
      "packages": 3,
      "name": null,
      "email": "ccnokes@gmail.com",
      "homepage": null,
      "github": null,
      "twitter": null,
      "freenode": null,
      "gravatar": "https://gravatar.com/avatar/4353d99ebb0143e831d2d6bbc3e0809a?size=200&default=https%3A%2F%2Fcldup.com%2FFIjisumbxl.png"
    },
    {
      "handle": "tundrax",
      "packages": 3,
      "name": null,
      "email": "sherzod@gmail.com",
      "homepage": null,
      "github": null,
      "twitter": null,
      "freenode": null,
      "gravatar": "https://gravatar.com/avatar/d9f996de3b96829036b90299d03fc8af?size=200&default=https%3A%2F%2Fcldup.com%2FFIjisumbxl.png"
    },
    {
      "handle": "substack",
      "packages": 3,
      "name": "James Halliday",
      "email": "substack@gmail.com",
      "homepage": "http://substack.net",
      "github": "substack",
      "twitter": "substack",
      "freenode": "substack",
      "gravatar": "https://gravatar.com/avatar/d4a2f12ceae3b7f211b661576d22bfb9?size=200&default=https%3A%2F%2Fcldup.com%2FFIjisumbxl.png"
    },
    {
      "handle": "alfredwesterveld",
      "packages": 3,
      "name": null,
      "email": "alfredwesterveld@gmail.com",
      "homepage": null,
      "github": "alfredwesterveld",
      "twitter": "awesterveld",
      "freenode": null,
      "gravatar": "https://gravatar.com/avatar/e64f8a0dfd37fe636ce178d4d538e327?size=200&default=https%3A%2F%2Fcldup.com%2FFIjisumbxl.png"
    },
    {
      "handle": "jkup",
      "packages": 3,
      "name": "Jon Kuperman",
      "email": "jon.kuperman@gmail.com",
      "homepage": "http://jonkuperman.com",
      "github": "jkup",
      "twitter": "jkup",
      "freenode": "m1ck3y",
      "gravatar": "https://gravatar.com/avatar/21b731c153b8444dc9d4d27948156a9a?size=200&default=https%3A%2F%2Fcldup.com%2FFIjisumbxl.png"
    },
    {
      "handle": "todbot",
      "packages": 3,
      "name": "Tod E. Kurt",
      "email": "todbotdotcom@gmail.com",
      "homepage": "http://todbot.com/blog/",
      "github": "todbot",
      "twitter": "todbot",
      "freenode": null,
      "gravatar": "https://gravatar.com/avatar/323dca55f2c1758b855554d2f927b85e?size=200&default=https%3A%2F%2Fcldup.com%2FFIjisumbxl.png"
    },
    {
      "handle": "mikolalysenko",
      "packages": 3,
      "name": "Mikola Lysenko",
      "email": "mikolalysenko@gmail.com",
      "homepage": "https://0fps.net",
      "github": "mikolalysenko",
      "twitter": "mikolalysenko",
      "freenode": "mikolalysenko",
      "gravatar": "https://gravatar.com/avatar/3ca049389a932a8c3fa70db5fb86b878?size=200&default=https%3A%2F%2Fcldup.com%2FFIjisumbxl.png"
    },
    {
      "handle": "rosshinkley",
      "packages": 3,
      "name": "Ross Hinkley",
      "email": "rosshinkley@gmail.com",
      "homepage": null,
      "github": "rosshinkley",
      "twitter": "rosshinkley",
      "freenode": null,
      "gravatar": "https://gravatar.com/avatar/2d0e224620fb2ea5dba708981c6805bc?size=200&default=https%3A%2F%2Fcldup.com%2FFIjisumbxl.png"
    },
    {
      "handle": "dabbott",
      "packages": 3,
      "name": null,
      "email": "dvnabbott@gmail.com",
      "homepage": null,
      "github": "dabbott",
      "twitter": "devinaabbott",
      "freenode": null,
      "gravatar": "https://gravatar.com/avatar/b1b155f4a834012c84b4fa23308527cb?size=200&default=https%3A%2F%2Fcldup.com%2FFIjisumbxl.png"
    },
    {
      "handle": "danielnieto",
      "packages": 3,
      "name": "Daniel Nieto",
      "email": "danielnieto89@gmail.com",
      "homepage": null,
      "github": "danielnieto",
      "twitter": null,
      "freenode": null,
      "gravatar": "https://gravatar.com/avatar/b9aabe241a82734c25e15a0fe1bab037?size=200&default=https%3A%2F%2Fcldup.com%2FFIjisumbxl.png"
    },
    {
      "handle": "michalbures",
      "packages": 3,
      "name": "Michal Bureš",
      "email": "hello@bures.io",
      "homepage": "http://bures.io",
      "github": "MichalBures",
      "twitter": "MichalBures",
      "freenode": null,
      "gravatar": "https://gravatar.com/avatar/b30bd10039280d16829f2b6fbd1b26cc?size=200&default=https%3A%2F%2Fcldup.com%2FFIjisumbxl.png"
    },
    {
      "handle": "jhand",
      "packages": 3,
      "name": "Joe Hand",
      "email": "joe@hand.email",
      "homepage": "http://joeahand.com",
      "github": "joehand",
      "twitter": "joeahand",
      "freenode": null,
      "gravatar": "https://gravatar.com/avatar/eea7782ff4d0f4acea277d10b11893db?size=200&default=https%3A%2F%2Fcldup.com%2FFIjisumbxl.png"
    },
    {
      "handle": "binarymuse",
      "packages": 3,
      "name": "Michelle Tilley",
      "email": "michelle@michelletilley.net",
      "homepage": "https://github.com/BinaryMuse",
      "github": "BinaryMuse",
      "twitter": "BinaryMuse",
      "freenode": "BinaryMuse",
      "gravatar": "https://gravatar.com/avatar/8283f4bb35589863b3b1e0f8ac0968a0?size=200&default=https%3A%2F%2Fcldup.com%2FFIjisumbxl.png"
    },
    {
      "handle": "bret",
      "packages": 3,
      "name": "Bret Comnes",
      "email": "bcomnes@gmail.com",
      "homepage": "http://bret.io",
      "github": "bcomnes",
      "twitter": "uhhyeahbret",
      "freenode": "bret",
      "gravatar": "https://gravatar.com/avatar/8d8b82740cb7ca994449cccd1dfdef5f?size=200&default=https%3A%2F%2Fcldup.com%2FFIjisumbxl.png"
    },
    {
      "handle": "ungoldman",
      "packages": 3,
      "name": "Nate Goldman",
      "email": "ungoldman@gmail.com",
      "homepage": "http://ungoldman.com",
      "github": "ungoldman",
      "twitter": "ungoldman",
      "freenode": null,
      "gravatar": "https://gravatar.com/avatar/97c8db2d2bd598103f47599f7af8c825?size=200&default=https%3A%2F%2Fcldup.com%2FFIjisumbxl.png"
    },
    {
      "handle": "retyped",
      "packages": 3,
      "name": null,
      "email": "ohmyglobthisissilly@gmail.com",
      "homepage": null,
      "github": "retyped",
      "twitter": null,
      "freenode": null,
      "gravatar": "https://gravatar.com/avatar/5c994cc8017ec00753e9dc860931bb77?size=200&default=https%3A%2F%2Fcldup.com%2FFIjisumbxl.png"
    },
    {
      "handle": "ehsalazar",
      "packages": 3,
      "name": "Ernie Salazar",
      "email": "ernie@npmjs.com",
      "homepage": null,
      "github": "ehsalazar",
      "twitter": "ehsalazar",
      "freenode": null,
      "gravatar": "https://gravatar.com/avatar/98014649279dcef04f67ee307e3b9597?size=200&default=https%3A%2F%2Fcldup.com%2FFIjisumbxl.png"
    }
  ],
  "createdAt": "2016-12-15T20:18:56.298Z"
}