[
  {
    "name": "Hyper",
    "href": "https://github.com/zeit/hyper",
    "description": "Terminal.",
    "category": "apps",
    "subcategory": "open_source"
  },
  {
    "name": "WebTorrent",
    "href": "https://github.com/feross/webtorrent-app",
    "description": "Streaming torrent client.",
    "category": "apps",
    "subcategory": "open_source"
  },
  {
    "name": "Kap",
    "href": "https://github.com/wulkano/kap",
    "description": "Screen recorder with GIF support.",
    "category": "apps",
    "subcategory": "open_source"
  },
  {
    "name": "Min",
    "href": "https://github.com/minbrowser/min",
    "description": "Minimal web browser.",
    "category": "apps",
    "subcategory": "open_source"
  },
  {
    "name": "Mancy",
    "href": "https://github.com/princejwesley/Mancy",
    "description": "JavaScript REPL.",
    "category": "apps",
    "subcategory": "open_source"
  },
  {
    "name": "SpaceRadar",
    "href": "https://github.com/zz85/space-radar",
    "description": "Interactive disk space and memory visualization.",
    "category": "apps",
    "subcategory": "open_source"
  },
  {
    "name": "Nocturn",
    "href": "https://github.com/k0kubun/Nocturn",
    "description": "Twitter client.",
    "category": "apps",
    "subcategory": "open_source"
  },
  {
    "name": "Mojibar",
    "href": "https://github.com/muan/mojibar",
    "description": "Emoji searcher in your menubar.",
    "category": "apps",
    "subcategory": "open_source"
  },
  {
    "name": "Playback",
    "href": "https://github.com/mafintosh/playback",
    "description": "Video player.",
    "category": "apps",
    "subcategory": "open_source"
  },
  {
    "name": "Black Screen",
    "href": "https://github.com/shockone/black-screen",
    "description": "Terminal emulator.",
    "category": "apps",
    "subcategory": "open_source"
  },
  {
    "name": "Atom",
    "href": "https://github.com/atom/atom",
    "description": "Code editor.",
    "category": "apps",
    "subcategory": "open_source"
  },
  {
    "name": "Visual Studio Code",
    "href": "https://github.com/Microsoft/vscode",
    "description": "Cross-platform IDE.",
    "category": "apps",
    "subcategory": "open_source"
  },
  {
    "name": "N1",
    "href": "https://github.com/nylas/N1",
    "description": "Extensible email client.",
    "category": "apps",
    "subcategory": "open_source"
  },
  {
    "name": "Brave",
    "href": "https://github.com/brave/browser-laptop",
    "description": "Privacy-focused web browser.",
    "category": "apps",
    "subcategory": "open_source"
  },
  {
    "name": "Git-it",
    "href": "https://github.com/jlord/git-it-electron",
    "description": "Teaches you Git and GitHub.",
    "category": "apps",
    "subcategory": "open_source"
  },
  {
    "name": "Caprine",
    "href": "https://github.com/sindresorhus/caprine",
    "description": "Unofficial Facebook Messenger app.",
    "category": "apps",
    "subcategory": "open_source"
  },
  {
    "name": "Simplenote",
    "href": "https://github.com/Automattic/simplenote-electron",
    "description": "Note keeper.",
    "category": "apps",
    "subcategory": "open_source"
  },
  {
    "name": "nuTorrent",
    "href": "https://github.com/LeeChSien/nuTorrent",
    "description": "BitTorrent client.",
    "category": "apps",
    "subcategory": "open_source"
  },
  {
    "name": "Abricotine",
    "href": "https://github.com/brrd/Abricotine",
    "description": "Markdown editor with inline preview.",
    "category": "apps",
    "subcategory": "open_source"
  },
  {
    "name": "Medis",
    "href": "https://github.com/luin/medis",
    "description": "Redis database management.",
    "category": "apps",
    "subcategory": "open_source"
  },
  {
    "name": "Kakapo",
    "href": "https://github.com/bluedaniel/kakapo-app",
    "description": "Ambient sound mixer for relaxation or productivity.",
    "category": "apps",
    "subcategory": "open_source"
  },
  {
    "name": "SmartMirror",
    "href": "https://github.com/evancohen/smart-mirror",
    "description": "Voice controlled smart mirror.",
    "category": "apps",
    "subcategory": "open_source"
  },
  {
    "name": "Koko",
    "href": "https://github.com/hachibasu/koko",
    "description": "IRC client.",
    "category": "apps",
    "subcategory": "open_source"
  },
  {
    "name": "KeeWeb",
    "href": "https://github.com/keeweb/keeweb",
    "description": "Unofficial KeePass app.",
    "category": "apps",
    "subcategory": "open_source"
  },
  {
    "name": "Soundcast",
    "href": "https://github.com/andresgottlieb/soundcast",
    "description": "Cast macOS audio to Chromecast from your menubar.",
    "category": "apps",
    "subcategory": "open_source"
  },
  {
    "name": "Gitify",
    "href": "https://github.com/ekonstantinidis/gitify",
    "description": "GitHub notifications in your menubar.",
    "category": "apps",
    "subcategory": "open_source"
  },
  {
    "name": "Friends",
    "href": "https://github.com/moose-team/friends",
    "description": "P2P chat.",
    "category": "apps",
    "subcategory": "open_source"
  },
  {
    "name": "Cumulus",
    "href": "https://github.com/gillesdemey/Cumulus",
    "description": "SoundCloud player in your menubar.",
    "category": "apps",
    "subcategory": "open_source"
  },
  {
    "name": "Kitematic",
    "href": "https://kitematic.com",
    "description": "Docker container management.",
    "category": "apps",
    "subcategory": "open_source"
  },
  {
    "name": "FatFileFinder",
    "href": "https://github.com/pwambach/fat-file-finder",
    "description": "Find large files on your machine.",
    "category": "apps",
    "subcategory": "open_source"
  },
  {
    "name": "ScreenCat",
    "href": "https://github.com/maxogden/screencat",
    "description": "Screen sharing & remote collaboration.",
    "category": "apps",
    "subcategory": "open_source"
  },
  {
    "name": "Gulp",
    "href": "https://github.com/sindresorhus/gulp-app",
    "description": "Run Gulp tasks from your menubar.",
    "category": "apps",
    "subcategory": "open_source"
  },
  {
    "name": "Mapbox Studio",
    "href": "https://github.com/mapbox/mapbox-studio",
    "description": "Map designer.",
    "category": "apps",
    "subcategory": "open_source"
  },
  {
    "name": "LevelUI",
    "href": "https://github.com/hij1nx/levelui",
    "description": "LevelDB management.",
    "category": "apps",
    "subcategory": "open_source"
  },
  {
    "name": "Kart",
    "href": "https://github.com/maddox/kart",
    "description": "Front-end for RetroArch.",
    "category": "apps",
    "subcategory": "open_source"
  },
  {
    "name": "Vmd",
    "href": "https://github.com/yoshuawuyts/vmd",
    "description": "Preview Markdown files.",
    "category": "apps",
    "subcategory": "open_source"
  },
  {
    "name": "Kyoku",
    "href": "https://github.com/cheeaun/kyoku",
    "description": "Displays current iTunes song.",
    "category": "apps",
    "subcategory": "open_source"
  },
  {
    "name": "GReader",
    "href": "https://github.com/Nekle/greader",
    "description": "Collect and read offline readme files of GitHub repos.",
    "category": "apps",
    "subcategory": "open_source"
  },
  {
    "name": "Leanote",
    "href": "https://github.com/leanote/desktop-app",
    "description": "Cloud notepad.",
    "category": "apps",
    "subcategory": "open_source"
  },
  {
    "name": "Snapper",
    "href": "https://github.com/prt2121/Snapper",
    "description": "Screen capturing & recording for Android devices.",
    "category": "apps",
    "subcategory": "open_source"
  },
  {
    "name": "Imagemin",
    "href": "https://github.com/imagemin/imagemin-app",
    "description": "Minify images.",
    "category": "apps",
    "subcategory": "open_source"
  },
  {
    "name": "We Build SG",
    "href": "https://github.com/webuildsg/osx",
    "description": "Upcoming events & recently updated repos from webuild.sg.",
    "category": "apps",
    "subcategory": "open_source"
  },
  {
    "name": "Piglet",
    "href": "https://github.com/jenslind/piglet",
    "description": "Run Grunt tasks from your menubar.",
    "category": "apps",
    "subcategory": "open_source"
  },
  {
    "name": "Yoda",
    "href": "https://github.com/whoisandie/yoda",
    "description": "Browse and download YouTube videos.",
    "category": "apps",
    "subcategory": "open_source"
  },
  {
    "name": "Loop Drop",
    "href": "https://github.com/mmckegg/loop-drop-app",
    "description": "MIDI looper and synth for live electronic music performances.",
    "category": "apps",
    "subcategory": "open_source"
  },
  {
    "name": "Toby",
    "href": "https://github.com/frankhale/toby",
    "description": "YouTube player.",
    "category": "apps",
    "subcategory": "open_source"
  },
  {
    "name": "Kaku",
    "href": "https://github.com/EragonJ/Kaku",
    "description": "Music player.",
    "category": "apps",
    "subcategory": "open_source"
  },
  {
    "name": "Yeoman",
    "href": "https://github.com/yeoman/yeoman-app",
    "description": "Scaffold projects using Yeoman.",
    "category": "apps",
    "subcategory": "open_source"
  },
  {
    "name": "Markn",
    "href": "https://github.com/minodisk/markn",
    "description": "Markdown viewer.",
    "category": "apps",
    "subcategory": "open_source"
  },
  {
    "name": "Shiba",
    "href": "https://github.com/rhysd/Shiba",
    "description": "Live Markdown preview with linting.",
    "category": "apps",
    "subcategory": "open_source"
  },
  {
    "name": "Yays",
    "href": "https://github.com/Bahlaouane-Hamza/Yays",
    "description": "YouTube music player in your menubar.",
    "category": "apps",
    "subcategory": "open_source"
  },
  {
    "name": "TimoFM",
    "href": "https://github.com/sapjax/TimoFM",
    "description": "DoubanFM music player.",
    "category": "apps",
    "subcategory": "open_source"
  },
  {
    "name": "Monu",
    "href": "https://github.com/maxogden/monu",
    "description": "Process monitoring.",
    "category": "apps",
    "subcategory": "open_source"
  },
  {
    "name": "Tèsèvè",
    "href": "https://teseve.github.io",
    "description": "Static webserver.",
    "category": "apps",
    "subcategory": "open_source"
  },
  {
    "name": "DevDogs",
    "href": "https://github.com/ragingwind/devdogs",
    "description": "DevDocs.io API documentation.",
    "category": "apps",
    "subcategory": "open_source"
  },
  {
    "name": "Trendy",
    "href": "https://rhysd.github.io/Trendy/",
    "description": "Trending GitHub repos in your menubar.",
    "category": "apps",
    "subcategory": "open_source"
  },
  {
    "name": "google-music-electron",
    "href": "https://github.com/twolfson/google-music-electron",
    "description": "Unofficial Google music app.",
    "category": "apps",
    "subcategory": "open_source"
  },
  {
    "name": "Pomodoro",
    "href": "https://g07cha.github.io/pomodoro/",
    "description": "Timer based on the Pomodoro Technique.",
    "category": "apps",
    "subcategory": "open_source"
  },
  {
    "name": "Sia-UI",
    "href": "http://sia.tech",
    "description": "Decentralized file storage system based on cryptocurrency technology.",
    "category": "apps",
    "subcategory": "open_source"
  },
  {
    "name": "MarkRight",
    "href": "https://github.com/dvcrn/markright",
    "description": "GitHub flavored Markdown editor with live preview.",
    "category": "apps",
    "subcategory": "open_source"
  },
  {
    "name": "Mongotron",
    "href": "https://github.com/officert/mongotron",
    "description": "MongoDB management tool.",
    "category": "apps",
    "subcategory": "open_source"
  },
  {
    "name": "Colonizers",
    "href": "https://github.com/colonizers/colonizers-desktop",
    "description": "\"Catan\" inspired board game.",
    "category": "apps",
    "subcategory": "open_source"
  },
  {
    "name": "Eintopf",
    "href": "https://github.com/mazehall/eintopf",
    "description": "Manage development projects with Docker.",
    "category": "apps",
    "subcategory": "open_source"
  },
  {
    "name": "WhatsDesktop",
    "href": "https://github.com/mawie81/whatsdesktop",
    "description": "Unofficial WhatsApp app.",
    "category": "apps",
    "subcategory": "open_source"
  },
  {
    "name": "Sqlectron",
    "href": "https://github.com/sqlectron/sqlectron-gui",
    "description": "SQL client.",
    "category": "apps",
    "subcategory": "open_source"
  },
  {
    "name": "docker-indicator",
    "href": "https://github.com/khornberg/docker-indicator",
    "description": "Unofficial Docker menubar app.",
    "category": "apps",
    "subcategory": "open_source"
  },
  {
    "name": "Light Table",
    "href": "https://github.com/LightTable/LightTable",
    "description": "Code editor with instant feedback.",
    "category": "apps",
    "subcategory": "open_source"
  },
  {
    "name": "Tubehead",
    "href": "https://github.com/makotot/Tubehead",
    "description": "YouTube music player in your menubar.",
    "category": "apps",
    "subcategory": "open_source"
  },
  {
    "name": "Google Play Music Desktop Player",
    "href": "https://github.com/MarshallOfSound/Google-Play-Music-Desktop-Player-UNOFFICIAL-",
    "description": "Unofficial Google Play Music app.",
    "category": "apps",
    "subcategory": "open_source"
  },
  {
    "name": "Chrome DevTools",
    "href": "https://github.com/auchenberg/chrome-devtools-app",
    "description": "Chrome DevTools packaged as an app.",
    "category": "apps",
    "subcategory": "open_source"
  },
  {
    "name": "Yeobara",
    "href": "https://github.com/yeobara/yeobara-desktop",
    "description": "Meetup check-in with beacon.",
    "category": "apps",
    "subcategory": "open_source"
  },
  {
    "name": "Proton",
    "href": "https://github.com/steventhanna/proton",
    "description": "Markdown editor with live preview.",
    "category": "apps",
    "subcategory": "open_source"
  },
  {
    "name": "James",
    "href": "https://github.com/uxebu/james",
    "description": "HTTP proxy to view and intercept browser requests.",
    "category": "apps",
    "subcategory": "open_source"
  },
  {
    "name": "DTCP",
    "href": "https://github.com/alchen/DTCP",
    "description": "Twitter client.",
    "category": "apps",
    "subcategory": "open_source"
  },
  {
    "name": "Inbox",
    "href": "https://github.com/fgnass/inbox-app",
    "description": "Unofficial Google Inbox app.",
    "category": "apps",
    "subcategory": "open_source"
  },
  {
    "name": "alienbox",
    "href": "http://a9.io/alienbox/",
    "description": "Reddit inbox & notifier in your menubar.",
    "category": "apps",
    "subcategory": "open_source"
  },
  {
    "name": "tweet-rec",
    "href": "https://github.com/midnightSuyama/tweet-rec",
    "description": "Tweet recording player.",
    "category": "apps",
    "subcategory": "open_source"
  },
  {
    "name": "Snippet Bar",
    "href": "https://github.com/teesloane/snippet-bar",
    "description": "Copy-paste & re-use text snippets in your menubar.",
    "category": "apps",
    "subcategory": "open_source"
  },
  {
    "name": "Electronic WeChat",
    "href": "https://github.com/geeeeeeeeek/electronic-wechat",
    "description": "Unofficial WeChat app.",
    "category": "apps",
    "subcategory": "open_source"
  },
  {
    "name": "dida",
    "href": "https://github.com/xwartz/dida",
    "description": "Add tasks to TickTick (滴答清单) with a shortcut.",
    "category": "apps",
    "subcategory": "open_source"
  },
  {
    "name": "FromScratch",
    "href": "https://github.com/kilian/fromscratch",
    "description": "Autosaving scratchpad.",
    "category": "apps",
    "subcategory": "open_source"
  },
  {
    "name": "Hawkpass",
    "href": "https://github.com/kalpetros/hawkpass-desktop",
    "description": "Password generator.",
    "category": "apps",
    "subcategory": "open_source"
  },
  {
    "name": "Gokotta",
    "href": "https://github.com/Zhangdroid/Gokotta",
    "description": "Music player.",
    "category": "apps",
    "subcategory": "open_source"
  },
  {
    "name": "Shake",
    "href": "https://github.com/lumios/shake",
    "description": "Japanese Earthquake Early Warning Notifier.",
    "category": "apps",
    "subcategory": "open_source"
  },
  {
    "name": "Fog",
    "href": "https://github.com/vitorgalvao/fog",
    "description": "Unofficial Overcast podcast app.",
    "category": "apps",
    "subcategory": "open_source"
  },
  {
    "name": "Wmail",
    "href": "https://github.com/Thomas101/wmail",
    "description": "Unofficial Gmail & Google Inbox app.",
    "category": "apps",
    "subcategory": "open_source"
  },
  {
    "name": "Boostnote",
    "href": "https://github.com/BoostIO/Boostnote",
    "description": "Markdown note & code snippet app for developers.",
    "category": "apps",
    "subcategory": "open_source"
  },
  {
    "name": "Before Dawn",
    "href": "https://github.com/muffinista/before-dawn",
    "description": "Screensaver tool.",
    "category": "apps",
    "subcategory": "open_source"
  },
  {
    "name": "Active Collab",
    "href": "https://github.com/nurtext/active-collab-desktop",
    "description": "Unofficial Active Collab app.",
    "category": "apps",
    "subcategory": "open_source"
  },
  {
    "name": "Hain",
    "href": "https://github.com/appetizermonster/hain",
    "description": "Launcher for Windows.",
    "category": "apps",
    "subcategory": "open_source"
  },
  {
    "name": "Catify",
    "href": "https://github.com/MeoBeoI/Catify",
    "description": "Utility for Spotify.",
    "category": "apps",
    "subcategory": "open_source"
  },
  {
    "name": "Minira",
    "href": "https://github.com/jenslind/minira",
    "description": "JIRA issues in your menubar.",
    "category": "apps",
    "subcategory": "open_source"
  },
  {
    "name": "Ansel",
    "href": "https://github.com/m0g/ansel",
    "description": "Image organizer.",
    "category": "apps",
    "subcategory": "open_source"
  },
  {
    "name": "Cuttle",
    "href": "https://github.com/oakmac/cuttle",
    "description": "UI for the ClojureScript compiler.",
    "category": "apps",
    "subcategory": "open_source"
  },
  {
    "name": "Sample apps",
    "href": "https://github.com/hokein/electron-sample-apps",
    "description": "Sample apps to illustrate the usage of Electron APIs.",
    "category": "apps",
    "subcategory": "open_source"
  },
  {
    "name": "Build Checker App",
    "href": "https://github.com/willmendesneto/build-checker-app",
    "description": "Check CI-server build statuses.",
    "category": "apps",
    "subcategory": "open_source"
  },
  {
    "name": "Backer Timetracker",
    "href": "https://github.com/MayGo/backer-timetracker",
    "description": "Tracks your time.",
    "category": "apps",
    "subcategory": "open_source"
  },
  {
    "name": "Ghost",
    "href": "https://github.com/tryghost/ghost-desktop",
    "description": "A professional publishing platform.",
    "category": "apps",
    "subcategory": "open_source"
  },
  {
    "name": "Anatine",
    "href": "https://github.com/sindresorhus/anatine",
    "description": "Pristine Twitter app.",
    "category": "apps",
    "subcategory": "open_source"
  },
  {
    "name": "Mattermost",
    "href": "https://github.com/mattermost/desktop",
    "description": "Mattermost client.",
    "category": "apps",
    "subcategory": "open_source"
  },
  {
    "name": "Whatsie",
    "href": "https://github.com/Aluxian/Whatsie",
    "description": "Unofficial WhatsApp app.",
    "category": "apps",
    "subcategory": "open_source"
  },
  {
    "name": "PupaFM",
    "href": "https://github.com/xwartz/PupaFM",
    "description": "DoubanFM music player.",
    "category": "apps",
    "subcategory": "open_source"
  },
  {
    "name": "MediumDesk",
    "href": "https://github.com/sivragav/mediumdesk",
    "description": "Unofficial Medium app.",
    "category": "apps",
    "subcategory": "open_source"
  },
  {
    "name": "Lightgallery",
    "href": "https://github.com/sachinchoolur/lightgallery-desktop",
    "description": "Image viewer.",
    "category": "apps",
    "subcategory": "open_source"
  },
  {
    "name": "Crypter",
    "href": "https://github.com/HR/Crypter",
    "description": "Secure encryption client.",
    "category": "apps",
    "subcategory": "open_source"
  },
  {
    "name": "YakYak",
    "href": "https://github.com/yakyak/yakyak",
    "description": "Unofficial Google Hangouts app.",
    "category": "apps",
    "subcategory": "open_source"
  },
  {
    "name": "Museeks",
    "href": "https://github.com/KeitIG/museeks",
    "description": "Music player.",
    "category": "apps",
    "subcategory": "open_source"
  },
  {
    "name": "VOX",
    "href": "https://github.com/fresk-nc/VOX",
    "description": "Unofficial VOX music player.",
    "category": "apps",
    "subcategory": "open_source"
  },
  {
    "name": "Sabaki",
    "href": "http://sabaki.yichuanshen.de",
    "description": "Go/Baduk/Weiqi board.",
    "category": "apps",
    "subcategory": "open_source"
  },
  {
    "name": "Marky",
    "href": "https://github.com/vesparny/marky",
    "description": "Markdown editor.",
    "category": "apps",
    "subcategory": "open_source"
  },
  {
    "name": "Deco",
    "href": "https://github.com/decosoftware/deco-ide",
    "description": "React Native IDE.",
    "category": "apps",
    "subcategory": "open_source"
  },
  {
    "name": "Toshocat",
    "href": "https://github.com/tofuness/Toshocat",
    "description": "Anime/Manga Progress Tracker.",
    "category": "apps",
    "subcategory": "open_source"
  },
  {
    "name": "iStats",
    "href": "https://github.com/ningt/iStats",
    "description": "CPU and memory stats on your menubar.",
    "category": "apps",
    "subcategory": "open_source"
  },
  {
    "name": "Wire",
    "href": "https://github.com/wireapp/wire-desktop",
    "description": "Messenger and calling app.",
    "category": "apps",
    "subcategory": "open_source"
  },
  {
    "name": "Ramme",
    "href": "https://github.com/terkelg/ramme",
    "description": "Unofficial Instagram app.",
    "category": "apps",
    "subcategory": "open_source"
  },
  {
    "name": "Moonview",
    "href": "https://github.com/teesloane/moonview",
    "description": "Ambient notepad.",
    "category": "apps",
    "subcategory": "open_source"
  },
  {
    "name": "Temps",
    "href": "https://jackd248.github.io/temps/",
    "description": "Weather forecast in your menubar.",
    "category": "apps",
    "subcategory": "open_source"
  },
  {
    "name": "DBGlass",
    "href": "https://github.com/web-pal/DBGlass",
    "description": "PostgreSQL client.",
    "category": "apps",
    "subcategory": "open_source"
  },
  {
    "name": "Slide Beacon",
    "href": "https://github.com/dermike/slide-beacon-app",
    "description": "Physical web beacon broadcast.",
    "category": "apps",
    "subcategory": "open_source"
  },
  {
    "name": "Rambox",
    "href": "https://github.com/saenzramiro/rambox",
    "description": "Chat and email app that combines multiple services like Discord, Hangouts, Gmail and Outlook.",
    "category": "apps",
    "subcategory": "open_source"
  },
  {
    "name": "GitKraken",
    "href": "http://www.gitkraken.com",
    "description": "Git client.",
    "category": "apps",
    "subcategory": "closed_source"
  },
  {
    "name": "1Clipboard",
    "href": "http://1clipboard.io",
    "description": "Universal clipboard manager.",
    "category": "apps",
    "subcategory": "closed_source"
  },
  {
    "name": "Franz",
    "href": "http://meetfranz.com",
    "description": "Skype, Slack, Hangouts, WhatsApp, Grape, Telegram, FB Messenger, Hipchat in the same app.",
    "category": "apps",
    "subcategory": "closed_source"
  },
  {
    "name": "Postman",
    "href": "https://www.getpostman.com",
    "description": "Create and send HTTP requests.",
    "category": "apps",
    "subcategory": "closed_source"
  },
  {
    "name": "Slack",
    "href": "https://medium.com/ben-and-dion/how-slack-built-a-well-loved-product-going-against-peter-thiel-and-native-app-fashion-2abbbe5a022f",
    "description": "Desktop version.",
    "category": "apps",
    "subcategory": "closed_source"
  },
  {
    "name": "Avocode",
    "href": "http://avocode.com",
    "description": "Share design and collaborate.",
    "category": "apps",
    "subcategory": "closed_source"
  },
  {
    "name": "Pixate",
    "href": "http://www.pixate.com",
    "description": "Mobile interaction designer.",
    "category": "apps",
    "subcategory": "closed_source"
  },
  {
    "name": "Prepros",
    "href": "https://prepros.io",
    "description": "Compile almost any preprocessing language with live browser refresh.",
    "category": "apps",
    "subcategory": "closed_source"
  },
  {
    "name": "Stremio",
    "href": "http://www.strem.io",
    "description": "Media center.",
    "category": "apps",
    "subcategory": "closed_source"
  },
  {
    "name": "Typetalk",
    "href": "http://www.typetalk.in",
    "description": "Share and discuss ideas with your team through instant messaging.",
    "category": "apps",
    "subcategory": "closed_source"
  },
  {
    "name": "Pingendo",
    "href": "http://pingendo.com",
    "description": "Bootstrap prototyping.",
    "category": "apps",
    "subcategory": "closed_source"
  },
  {
    "name": "Spreaker Studio",
    "href": "https://www.spreaker.com/download",
    "description": "Audio recording and broadcasting.",
    "category": "apps",
    "subcategory": "closed_source"
  },
  {
    "name": "MockingBot",
    "href": "https://mockingbot.com",
    "description": "Prototyping tool for designing apps.",
    "category": "apps",
    "subcategory": "closed_source"
  },
  {
    "name": "Caret",
    "href": "http://caret.io",
    "description": "Markdown editor.",
    "category": "apps",
    "subcategory": "closed_source"
  },
  {
    "name": "Wagon",
    "href": "https://www.wagonhq.com",
    "description": "SQL editor.",
    "category": "apps",
    "subcategory": "closed_source"
  },
  {
    "name": "SIV",
    "href": "http://www.integritytools.com/siv/",
    "description": "Extensible image viewer.",
    "category": "apps",
    "subcategory": "closed_source"
  },
  {
    "name": "Sync",
    "href": "https://www.wantedly.com/sync",
    "description": "Team group messaging. *(Japanese)*",
    "category": "apps",
    "subcategory": "closed_source"
  },
  {
    "name": "Remember",
    "href": "https://rememberapp.co.kr",
    "description": "Business card management. *(Korean)*",
    "category": "apps",
    "subcategory": "closed_source"
  },
  {
    "name": "Pubu",
    "href": "https://pubu.im",
    "description": "Real-time chat for team communication. *(Chinese)*",
    "category": "apps",
    "subcategory": "closed_source"
  },
  {
    "name": "BearyChat",
    "href": "https://bearychat.com",
    "description": "Team messaging service. *(Chinese)*",
    "category": "apps",
    "subcategory": "closed_source"
  },
  {
    "name": "MongoDB Compass",
    "href": "https://www.mongodb.com/products/compass",
    "description": "Official MongoDB app.",
    "category": "apps",
    "subcategory": "closed_source"
  },
  {
    "name": "Freeter",
    "href": "https://freeter.io",
    "description": "Organizer for freelancers & creatives.",
    "category": "apps",
    "subcategory": "closed_source"
  },
  {
    "name": "WhatsApp",
    "href": "https://www.whatsapp.com/download/",
    "description": "Official WhatsApp app.",
    "category": "apps",
    "subcategory": "closed_source"
  },
  {
    "name": "CatLight",
    "href": "https://catlight.io",
    "description": "Build status notifier.",
    "category": "apps",
    "subcategory": "closed_source"
  },
  {
    "name": "Paws",
    "href": "http://friendlyfox.es/paws/",
    "description": "Trello client.",
    "category": "apps",
    "subcategory": "closed_source"
  },
  {
    "name": "Automint",
    "href": "http://automint.in",
    "description": "CRM for automobile businesses.",
    "category": "apps",
    "subcategory": "closed_source"
  },
  {
    "name": "CrossCloud",
    "href": "https://medium.com/@crosscloud/what-is-new-in-crosscloud-1-0-c00404e7bf9f",
    "description": "Secure sync for multiple cloud storages.",
    "category": "apps",
    "subcategory": "closed_source"
  },
  {
    "name": "Discord",
    "href": "https://discordapp.com",
    "description": "All-in-one voice and text chat for gamers.",
    "category": "apps",
    "subcategory": "closed_source"
  },
  {
    "name": "Cocos Creator",
    "href": "http://cocos2d-x.org/products#creator",
    "description": "Game editor for creating web and native games for Cocos2D-x.",
    "category": "apps",
    "subcategory": "closed_source"
  },
  {
    "name": "Inkdrop",
    "href": "https://www.inkdrop.info",
    "description": "Markdown notebook for hackers.",
    "category": "apps",
    "subcategory": "closed_source"
  },
  {
    "name": "Exodus",
    "href": "https://www.exodus.io",
    "description": "Secure, manage, and exchange blockchain assets like Bitcoin and Ethereum.",
    "category": "apps",
    "subcategory": "closed_source"
  },
  {
    "name": "electron-boilerplate",
    "href": "https://github.com/sindresorhus/electron-boilerplate",
    "description": "Boilerplate to kickstart creating an app.",
    "category": "boilerplates"
  },
  {
    "name": "generator-electron",
    "href": "https://github.com/sindresorhus/generator-electron",
    "description": "Scaffold out an app boilerplate.",
    "category": "boilerplates"
  },
  {
    "name": "electron-boilerplate",
    "href": "https://github.com/szwacz/electron-boilerplate",
    "description": "Comprehensive boilerplate which even generates installers.",
    "category": "boilerplates"
  },
  {
    "name": "electron-react-boilerplate",
    "href": "https://github.com/chentsulin/electron-react-boilerplate",
    "description": "Boilerplate based on React and webpack.",
    "category": "boilerplates"
  },
  {
    "name": "descjop",
    "href": "https://github.com/karad/lein_template_descjop",
    "description": "ClojureScript boilerplate for creating an app.",
    "category": "boilerplates"
  },
  {
    "name": "electron-quick-start",
    "href": "https://github.com/electron/electron-quick-start",
    "description": "Clone the repo to try a simple app.",
    "category": "boilerplates"
  },
  {
    "name": "bozon",
    "href": "https://github.com/railsware/bozon",
    "description": "Scaffold, run, test, and package your app.",
    "category": "boilerplates"
  },
  {
    "name": "electron-vue",
    "href": "https://github.com/SimulatedGREG/electron-vue",
    "description": "Easily build your app with Vue and common plugins.",
    "category": "boilerplates"
  },
  {
    "name": "SkelEktron",
    "href": "https://github.com/BZCoding/SkelEktron",
    "description": "A ready to go app template with some useful features built-in.",
    "category": "boilerplates"
  },
  {
    "name": "devtron",
    "href": "https://github.com/electron/devtron",
    "description": "Official DevTools extension.",
    "category": "tools",
    "subcategory": "for_electron"
  },
  {
    "name": "electron-prebuilt",
    "href": "https://github.com/electron-userland/electron-prebuilt",
    "description": "Install prebuilt Electron binaries for command-line use using npm.",
    "category": "tools",
    "subcategory": "for_electron"
  },
  {
    "name": "electron-packager",
    "href": "https://github.com/electron-userland/electron-packager",
    "description": "Package and distribute your app.",
    "category": "tools",
    "subcategory": "for_electron"
  },
  {
    "name": "electron-builder",
    "href": "https://github.com/electron-userland/electron-builder",
    "description": "Create installers.",
    "category": "tools",
    "subcategory": "for_electron"
  },
  {
    "name": "electron-debug",
    "href": "https://github.com/sindresorhus/electron-debug",
    "description": "Adds useful debug features.",
    "category": "tools",
    "subcategory": "for_electron"
  },
  {
    "name": "electron-is-dev",
    "href": "https://github.com/sindresorhus/electron-is-dev",
    "description": "Check if Electron is running in development.",
    "category": "tools",
    "subcategory": "for_electron"
  },
  {
    "name": "electron-localshortcut",
    "href": "https://github.com/parro-it/electron-localshortcut",
    "description": "Add keyboard shortcuts locally to a window.",
    "category": "tools",
    "subcategory": "for_electron"
  },
  {
    "name": "electron-gh-release",
    "href": "https://github.com/jenslind/electron-gh-releases",
    "description": "Auto-update by releasing on GitHub.",
    "category": "tools",
    "subcategory": "for_electron"
  },
  {
    "name": "electron-release",
    "href": "https://github.com/jenslind/electron-release",
    "description": "Publish a new release of your app to GitHub.",
    "category": "tools",
    "subcategory": "for_electron"
  },
  {
    "name": "electron-updater",
    "href": "https://github.com/evolvelabs/electron-updater",
    "description": "Auto-updater leveraging npm to deploy updates.",
    "category": "tools",
    "subcategory": "for_electron"
  },
  {
    "name": "fix-path",
    "href": "https://github.com/sindresorhus/fix-path",
    "description": "Fix the $PATH on macOS when run from a GUI app. Useful when spawning a child process.",
    "category": "tools",
    "subcategory": "for_electron"
  },
  {
    "name": "auto-launch",
    "href": "https://github.com/Teamwork/node-auto-launch",
    "description": "Launch apps at system startup.",
    "category": "tools",
    "subcategory": "for_electron"
  },
  {
    "name": "nuts",
    "href": "https://github.com/GitbookIO/nuts",
    "description": "Releases server with auto-updater and GitHub as a backend.",
    "category": "tools",
    "subcategory": "for_electron"
  },
  {
    "name": "electron-dl",
    "href": "https://github.com/sindresorhus/electron-dl",
    "description": "Simplified file downloads.",
    "category": "tools",
    "subcategory": "for_electron"
  },
  {
    "name": "electron-release-server",
    "href": "https://github.com/ArekSredzki/electron-release-server",
    "description": "Self-hosted release server with front-end & auto-updater support.",
    "category": "tools",
    "subcategory": "for_electron"
  },
  {
    "name": "electron-rebuild",
    "href": "https://github.com/electron/electron-rebuild",
    "description": "Rebuild native Node.js modules against the currently installed Electron version.",
    "category": "tools",
    "subcategory": "for_electron"
  },
  {
    "name": "electron-compile",
    "href": "https://github.com/electron/electron-compile",
    "description": "Use ES2015, CoffeeScript, Less, Stylus in your app without a precompilation step.",
    "category": "tools",
    "subcategory": "for_electron"
  },
  {
    "name": "electron-positioner",
    "href": "https://github.com/jenslind/electron-positioner",
    "description": "Position windows at common spots.",
    "category": "tools",
    "subcategory": "for_electron"
  },
  {
    "name": "electron-window-state",
    "href": "https://github.com/mawie81/electron-window-state",
    "description": "Save and restore window sizes and positions.",
    "category": "tools",
    "subcategory": "for_electron"
  },
  {
    "name": "electron-drag",
    "href": "https://github.com/kapetan/electron-drag",
    "description": "Improved window dragging.",
    "category": "tools",
    "subcategory": "for_electron"
  },
  {
    "name": "debug-menu",
    "href": "https://github.com/parro-it/debug-menu",
    "description": "Chrome-like \"inspect element\" context-menu.",
    "category": "tools",
    "subcategory": "for_electron"
  },
  {
    "name": "electron-installer-debian",
    "href": "https://github.com/unindented/electron-installer-debian",
    "description": "Create a Debian package.",
    "category": "tools",
    "subcategory": "for_electron"
  },
  {
    "name": "electron-installer-redhat",
    "href": "https://github.com/unindented/electron-installer-redhat",
    "description": "Create a Red Hat package.",
    "category": "tools",
    "subcategory": "for_electron"
  },
  {
    "name": "electron-installer-windows",
    "href": "https://github.com/unindented/electron-installer-windows",
    "description": "Create a Windows package.",
    "category": "tools",
    "subcategory": "for_electron"
  },
  {
    "name": "electron-sudo",
    "href": "https://github.com/automation-stack/electron-sudo",
    "description": "Subprocesses with administrative privileges.",
    "category": "tools",
    "subcategory": "for_electron"
  },
  {
    "name": "electron-json-storage",
    "href": "https://github.com/jviotti/electron-json-storage",
    "description": "Write and read user settings.",
    "category": "tools",
    "subcategory": "for_electron"
  },
  {
    "name": "electron-download",
    "href": "https://github.com/electron-userland/electron-download",
    "description": "Download the Electron release zip from GitHub.",
    "category": "tools",
    "subcategory": "for_electron"
  },
  {
    "name": "ipc-stream",
    "href": "https://github.com/jprichardson/electron-ipc-stream",
    "description": "Duplex stream over IPC.",
    "category": "tools",
    "subcategory": "for_electron"
  },
  {
    "name": "is-electron-renderer",
    "href": "https://github.com/jprichardson/is-electron-renderer",
    "description": "Check if your code is running in `main` or `renderer`.",
    "category": "tools",
    "subcategory": "for_electron"
  },
  {
    "name": "electron-osx-sign",
    "href": "https://github.com/electron-userland/electron-osx-sign",
    "description": "Code-signing for macOS apps.",
    "category": "tools",
    "subcategory": "for_electron"
  },
  {
    "name": "electron-detach",
    "href": "https://github.com/parro-it/electron-detach",
    "description": "Restart an Electron app as a detached process.",
    "category": "tools",
    "subcategory": "for_electron"
  },
  {
    "name": "ember-electron",
    "href": "https://github.com/felixrieseberg/ember-electron",
    "description": "Build, test, and package Ember apps.",
    "category": "tools",
    "subcategory": "for_electron"
  },
  {
    "name": "electrify",
    "href": "https://github.com/arboleya/electrify",
    "description": "Package Meteor apps.",
    "category": "tools",
    "subcategory": "for_electron"
  },
  {
    "name": "spectron",
    "href": "https://github.com/electron/spectron",
    "description": "Test Electron apps using ChromeDriver.",
    "category": "tools",
    "subcategory": "for_electron"
  },
  {
    "name": "babel-preset-electron",
    "href": "https://github.com/emorikawa/babel-preset-electron",
    "description": "Babel preset that only compiles what's necessary for a particular Electron version.",
    "category": "tools",
    "subcategory": "for_electron"
  },
  {
    "name": "electron-is",
    "href": "https://github.com/delvedor/electron-is",
    "description": "Useful 'is' utility functions.",
    "category": "tools",
    "subcategory": "for_electron"
  },
  {
    "name": "electron-osx-appearance",
    "href": "https://github.com/danhp/electron-osx-appearance",
    "description": "Simplified API for accessing macOS's appearance settings.",
    "category": "tools",
    "subcategory": "for_electron"
  },
  {
    "name": "electron-config",
    "href": "https://github.com/sindresorhus/electron-config",
    "description": "Persist user settings and other data.",
    "category": "tools",
    "subcategory": "for_electron"
  },
  {
    "name": "electron-context-menu",
    "href": "https://github.com/sindresorhus/electron-context-menu",
    "description": "Extensible context menu.",
    "category": "tools",
    "subcategory": "for_electron"
  },
  {
    "name": "electron-require",
    "href": "https://github.com/brrd/electron-require",
    "description": "Simplified require.",
    "category": "tools",
    "subcategory": "for_electron"
  },
  {
    "name": "NeDB",
    "href": "https://github.com/louischatriot/nedb",
    "description": "Embedded persistent or in memory database.",
    "category": "tools",
    "subcategory": "for_electron"
  },
  {
    "name": "electron-devtools-installer",
    "href": "https://github.com/GPMDP/electron-devtools-installer",
    "description": "Install DevTools extensions from the Chrome Web Store.",
    "category": "tools",
    "subcategory": "for_electron"
  },
  {
    "name": "electron-log",
    "href": "https://github.com/megahertz/electron-log",
    "description": "Simple logging.",
    "category": "tools",
    "subcategory": "for_electron"
  },
  {
    "name": "electron-redux",
    "href": "https://github.com/hardchor/electron-redux",
    "description": "Synchronize Redux state across windows.",
    "category": "tools",
    "subcategory": "for_electron"
  },
  {
    "name": "devtool",
    "href": "https://github.com/Jam3/devtool",
    "description": "Debug Node.js with Chrome DevTools.",
    "category": "tools",
    "subcategory": "using_electron"
  },
  {
    "name": "nativefier",
    "href": "https://github.com/jiahaog/nativefier",
    "description": "Create an app of any website.",
    "category": "tools",
    "subcategory": "using_electron"
  },
  {
    "name": "electron-stream",
    "href": "https://github.com/juliangruber/electron-stream",
    "description": "Streaming wrapper.",
    "category": "tools",
    "subcategory": "using_electron"
  },
  {
    "name": "Nightmare",
    "href": "http://www.nightmarejs.org",
    "description": "High-level browser automation library (alternative to PhantomJS).",
    "category": "tools",
    "subcategory": "using_electron"
  },
  {
    "name": "electron-pdf",
    "href": "https://github.com/fraserxu/electron-pdf",
    "description": "Generate PDF from URL, HTML, or Markdown files on the command-line.",
    "category": "tools",
    "subcategory": "using_electron"
  },
  {
    "name": "Geojsonapp",
    "href": "https://github.com/mick/geojsonapp",
    "description": "Preview GeoJSON locally.",
    "category": "tools",
    "subcategory": "using_electron"
  },
  {
    "name": "electron-mocha",
    "href": "https://github.com/jprichardson/electron-mocha",
    "description": "Run your Mocha tests in Electron.",
    "category": "tools",
    "subcategory": "using_electron"
  },
  {
    "name": "electron-har",
    "href": "https://github.com/shyiko/electron-har",
    "description": "Command-line tool for generating HTTP Archive (HAR).",
    "category": "tools",
    "subcategory": "using_electron"
  },
  {
    "name": "electron-windows-store",
    "href": "https://github.com/catalystcode/electron-windows-store",
    "description": "Turn Electron apps into Windows Store AppX packages.",
    "category": "tools",
    "subcategory": "using_electron"
  },
  {
    "name": "Reactotron",
    "href": "https://github.com/reactotron/reactotron",
    "description": "Inspect your React and React Native apps.",
    "category": "tools",
    "subcategory": "using_electron"
  },
  {
    "name": "Photon",
    "href": "http://photonkit.com",
    "description": "UI toolkit for building beautiful apps.",
    "category": "components"
  },
  {
    "name": "React PhotonKit",
    "href": "https://github.com/react-photonkit/react-photonkit",
    "description": "Photon components built with React.",
    "category": "components"
  },
  {
    "name": "menubar",
    "href": "https://github.com/maxogden/menubar",
    "description": "High-level way to create a menubar app.",
    "category": "components"
  },
  {
    "name": "cookies",
    "href": "https://github.com/hstove/electron-cookies",
    "description": "Adds support for `document.cookie`.",
    "category": "components"
  },
  {
    "name": "window",
    "href": "https://github.com/jprichardson/electron-window",
    "description": "Easily create and manage windows.",
    "category": "components"
  },
  {
    "name": "React Desktop",
    "href": "https://github.com/gabrielbull/react-desktop",
    "description": "UI toolkit for macOS and Windows built with React.",
    "category": "components"
  },
  {
    "name": "electron-input-menu",
    "href": "https://github.com/parro-it/electron-input-menu",
    "description": "Context menu for input elements.",
    "category": "components"
  },
  {
    "name": "chrome-tabs",
    "href": "https://github.com/adamschwartz/chrome-tabs",
    "description": "Chrome like tabs.",
    "category": "components"
  },
  {
    "name": "titlebar",
    "href": "https://github.com/kapetan/titlebar",
    "description": "Emulate the macOS window titlebar.",
    "category": "components"
  },
  {
    "name": "Quick Start",
    "href": "http://electron.atom.io/docs/tutorial/quick-start/",
    "category": "documentation"
  },
  {
    "name": "Official docs",
    "href": "http://electron.atom.io/docs/",
    "category": "documentation"
  },
  {
    "name": "Essential Electron",
    "href": "http://jlord.us/essential-electron/",
    "description": "Concise overview.",
    "category": "documentation"
  },
  {
    "name": "Electron Fundamentals",
    "href": "http://maxogden.com/electron-fundamentals.html",
    "category": "articles"
  },
  {
    "name": "Building a desktop application with Electron",
    "href": "https://medium.com/@bojzi/building-a-desktop-application-with-electron-204203eeb658",
    "category": "articles"
  },
  {
    "name": "Codesigning your app for macOS",
    "href": "http://jbavari.github.io/blog/2015/08/14/codesigning-electron-applications/",
    "category": "articles"
  },
  {
    "name": "Auto-updating apps for macOS and Windows: The complete guide",
    "href": "https://medium.com/@svilen/auto-updating-apps-for-windows-and-osx-using-electron-the-complete-guide-4aa7a50b904c",
    "category": "articles"
  },
  {
    "name": "How To Make Your Electron App Sexy",
    "href": "https://blog.dcpos.ch/how-to-make-your-electron-app-sexy",
    "category": "articles"
  },
  {
    "name": "Electron Rocks!",
    "href": "http://electron.rocks",
    "description": "Blog about working with Electron.",
    "category": "articles"
  },
  {
    "name": "Developing an Electron Edge](https://bleedingedgepress.com/developing-an-electron-edge/) - [Preview",
    "href": "https://read.amazon.com/kp/embed?asin=B01G7TTKSK&asin=B01G7TTKSK&preview=newtab&linkCode=kpe&ref_=cm_sw_r_kb_dp_DLhOxb0XZ3MEC",
    "description": " 💲",
    "category": "books"
  },
  {
    "name": "Getting Started with Electron 1.x",
    "href": "https://www.youtube.com/watch?v=jKzBJAowmGg",
    "category": "videos"
  },
  {
    "name": "Packaging and Distributing Electron Desktop Apps",
    "href": "https://www.youtube.com/watch?v=dz5SnmBzBXc",
    "category": "videos"
  },
  {
    "name": "Multi Window Electron Desktop Apps",
    "href": "https://www.youtube.com/watch?v=K-H2amwQ_pU",
    "category": "videos"
  },
  {
    "name": "The State of Electron",
    "href": "https://www.youtube.com/watch?v=RaPmi-33rfc",
    "category": "videos"
  },
  {
    "name": "Cross-Platform Desktop Apps with Electron",
    "href": "https://www.youtube.com/watch?v=9xX_G0l5jLU",
    "category": "videos"
  },
  {
    "name": "Building Native Desktop apps using Electron",
    "href": "https://www.youtube.com/watch?v=nXIrFq5-FC8",
    "category": "videos"
  },
  {
    "name": "The New Desktop: Electron, React, & Pixel-Perfect Native-Feeling Experiences",
    "href": "https://www.youtube.com/watch?v=jRPUB-D1Wx0",
    "category": "videos"
  },
  {
    "name": "Building Desktop Apps with Node.js and Electron",
    "href": "https://www.youtube.com/watch?v=rbSvc8_BHaw",
    "category": "videos"
  },
  {
    "name": "Electron Fundamentals course - Pluralsight",
    "href": "https://www.pluralsight.com/courses/electron-fundamentals",
    "description": " 💲",
    "category": "videos"
  },
  {
    "name": "JavaScript Jabber: Electron with Jessica Lord and Amy Palamountain",
    "href": "https://devchat.tv/js-jabber/193-jsj-electron-with-jessica-lord-and-amy-palamountain",
    "category": "podcasts"
  },
  {
    "name": "Hanselminutes: Creating cross-platform Electron apps with Jessica Lord",
    "href": "http://hanselminutes.com/534/creating-cross-platform-electron-apps-with-jessica-lord",
    "category": "podcasts"
  },
  {
    "name": "JavaScript Air: Electron Apps with @jlord and @emorikawa",
    "href": "https://javascriptair.com/episodes/2016-07-06",
    "category": "podcasts"
  },
  {
    "name": "The Changelog #216: GitHub's Electron with Zeke Sikelianos",
    "href": "https://changelog.com/216/",
    "category": "podcasts"
  },
  {
    "name": "Full Stack Radio #48: Jessica Lord - Building Desktop Apps with Electron",
    "href": "http://www.fullstackradio.com/48",
    "category": "podcasts"
  },
  {
    "name": "Discuss",
    "href": "https://discuss.atom.io/c/electron",
    "category": "community"
  },
  {
    "name": "Reddit",
    "href": "https://www.reddit.com/r/electronjs",
    "category": "community"
  },
  {
    "name": "Stack Overflow",
    "href": "http://stackoverflow.com/questions/tagged/electron",
    "category": "community"
  },
  {
    "name": "`@electronjs` on Twitter",
    "href": "https://twitter.com/electronjs",
    "category": "community"
  },
  {
    "name": "`#atom-shell` on Freenode",
    "href": "http://webchat.freenode.net/?channels=atom-shell",
    "category": "community"
  },
  {
    "name": "`#electron` on Atom Slack",
    "href": "http://atom-slack.herokuapp.com",
    "category": "community"
  },
  {
    "name": "electron-jp",
    "href": "https://electron-jp-slackin.herokuapp.com",
    "description": " *(Japanese)*",
    "category": "community"
  },
  {
    "name": "electron-br",
    "href": "https://electron-br.slack.com",
    "description": " *(Brazilian Portuguese)*",
    "category": "community"
  },
  {
    "name": "electron-kr",
    "href": "http://www.meetup.com/electronkr",
    "description": " *(Korean)*",
    "category": "community"
  }
]