[
  {
    "url": "https://api.github.com/repos/electron/electron/releases/5208414",
    "assets_url": "https://api.github.com/repos/electron/electron/releases/5208414/assets",
    "upload_url": "https://uploads.github.com/repos/electron/electron/releases/5208414/assets{?name,label}",
    "html_url": "https://github.com/electron/electron/releases/tag/v1.4.15",
    "id": 5208414,
    "tag_name": "v1.4.15",
    "target_commitish": "master",
    "name": "electron v1.4.15",
    "draft": false,
    "prerelease": false,
    "created_at": "2017-01-19T16:32:42Z",
    "published_at": "2017-01-19T18:10:27Z",
    "tarball_url": "https://api.github.com/repos/electron/electron/tarball/v1.4.15",
    "zipball_url": "https://api.github.com/repos/electron/electron/zipball/v1.4.15",
    "body": "## Bug Fixes\r\n\r\n* Fixed a crash when calling `preventDefault()` on a `new-window` event for\r\n  a sandboxed window. <a href=\"https://github.com/electron/electron/pull/8377\">#8377</a>\r\n* Fixed the dev tools not opening when a debugger was already attached. <a href=\"https://github.com/electron/electron/pull/8390\">#8390</a>\r\n* Pulled in an upstream Chrome patch to fix an issue where certain `webm`\r\n  videos would not play. <a href=\"https://github.com/electron/electron/pull/8428\">#8428</a>\r\n\r\n### Windows\r\n\r\n* Fixed incorrect window borders being rendered when the OS zoom level was\r\n  greater than 100%. <a href=\"https://github.com/electron/electron/pull/8404\">#8404</a>\r\n* Fixed a regression where transparent windows wouldn't be transparent when\r\n  the window was fullscreen. <a href=\"https://github.com/electron/electron/pull/8438\">#8438</a>\r\n\r\n### macOS\r\n\r\n* Fixed the window leaving fullscreen mode incorrectly when kiosk mode was\r\n  disabled. <a href=\"https://github.com/electron/electron/pull/8399\">#8399</a>\r\n\r\n### New APIs\r\n\r\n* Added a `contextIsolation` option to `BrowserWindow` and `<webview>` tags\r\n  that loads the `preload` script and Electron APIs into a separate JavaScript\r\n  context that is isolated from the main page's JavaScript context. <a href=\"https://github.com/electron/electron/pull/8348\">#8348</a>\r\n* The `<webview>` element now emits the `context-menu` event from the\r\n  underlying `webContents` object.\r\n",
    "version": "1.4.15"
  },
  {
    "url": "https://api.github.com/repos/electron/electron/releases/5120009",
    "assets_url": "https://api.github.com/repos/electron/electron/releases/5120009/assets",
    "upload_url": "https://uploads.github.com/repos/electron/electron/releases/5120009/assets{?name,label}",
    "html_url": "https://github.com/electron/electron/releases/tag/v1.4.14",
    "id": 5120009,
    "tag_name": "v1.4.14",
    "target_commitish": "master",
    "name": "electron v1.4.14",
    "draft": false,
    "prerelease": false,
    "created_at": "2017-01-10T19:01:39Z",
    "published_at": "2017-01-10T20:45:07Z",
    "tarball_url": "https://api.github.com/repos/electron/electron/tarball/v1.4.14",
    "zipball_url": "https://api.github.com/repos/electron/electron/zipball/v1.4.14",
    "body": "## Bug Fixes\n- Fixed a crash when closing a window from within a `will-navigate` event\n  listener. <a href=\"https://github.com/electron/electron/pull/8254\">#8254</a>\n- Offscreen windows are now always created as frameless so the viewport size\n  is as expected. <a href=\"https://github.com/electron/electron/pull/8250\">#8250</a>\n- The `backgroundThrottling` option is now correctly persisted across window\n  reloads. <a href=\"https://github.com/electron/electron/pull/8298\">#8298</a>\n- The `Cookie` header is now settable on requests made using Electron's `net`\n  module. <a href=\"https://github.com/electron/electron/pull/8258\">#8258</a>\n- Fixed a stack overflow error when creating a window with cycles in the\n  specified options object. <a href=\"https://github.com/electron/electron/pull/8340\">#8340</a>\n- Fixed an issue where the `session.enableNetworkEmulation` API would lead to\n  high CPU usage. <a href=\"https://github.com/electron/electron/pull/8371\">#8371</a>\n\n### macOS\n- Fixed a crash when the OS reported no monitors were available. <a href=\"https://github.com/electron/electron/pull/8249\">#8249</a>\n\n### Linux\n- Fixed a crash when closing a window from within a dialog callback. <a href=\"https://github.com/electron/electron/pull/8252\">#8252</a>\n\n### Windows\n- Fixed an issue where the window would be incorrectly placed behind the\n  task bar when maximized. <a href=\"https://github.com/electron/electron/pull/7765\">#7765</a>\n\n## API Changes\n- The `defaultFontFamily` option in the `BrowserWindow` constructor now supports\n  setting the default `cursive` and `fantasy` fonts. <a href=\"https://github.com/electron/electron/pull/8295\">#8295</a>\n- Added a `normalizeAccessKeys` option to the `dialog.showMessageBox` API that\n  normalizes keyboard accelerator keys used for buttons across platforms. <a href=\"https://github.com/electron/electron/pull/8308\">#8308</a>\n- `window.alert` and `window.confirm` are now supported in `<iframe>` tags\n  and sandboxed windows. <a href=\"https://github.com/electron/electron/pull/8341\">#8341</a>\n",
    "version": "1.4.14"
  },
  {
    "url": "https://api.github.com/repos/electron/electron/releases/4971126",
    "assets_url": "https://api.github.com/repos/electron/electron/releases/4971126/assets",
    "upload_url": "https://uploads.github.com/repos/electron/electron/releases/4971126/assets{?name,label}",
    "html_url": "https://github.com/electron/electron/releases/tag/v1.4.13",
    "id": 4971126,
    "tag_name": "v1.4.13",
    "target_commitish": "master",
    "name": "electron v1.4.13",
    "draft": false,
    "prerelease": false,
    "created_at": "2016-12-20T18:37:16Z",
    "published_at": "2016-12-20T21:09:16Z",
    "tarball_url": "https://api.github.com/repos/electron/electron/tarball/v1.4.13",
    "zipball_url": "https://api.github.com/repos/electron/electron/zipball/v1.4.13",
    "body": "## Bug Fixes\n- Printing now works when the sandbox is enabled. #8165 \n- Fixed an issue where the salt used to generate media devices ids did not\n  persist across sessions. <a href=\"https://github.com/electron/electron/pull/8137\">#8137</a>\n- Fixed an issue where an error would be thrown when the optional window\n  argument to dialog APIs was `undefined`. #8189 \n- JavaScript run via an `ipcRenderer` event listener or `setImmediate` call is\n  now recorded correctly in the Dev Tools timeline. <a href=\"https://github.com/electron/electron/pull/8159\">#8159</a>\n\n### macOS\n- Fixed an issue where the corners of modal windows were incorrectly rounded. <a href=\"https://github.com/electron/electron/pull/8167\">#8167</a>\n\n## API Changes\n- `protocol.interceptHttpProtocol` now supports a custom session. <a href=\"https://github.com/electron/electron/pull/8085\">#8085</a>\n- `webContents` now emits a `before-input-event` event that can be used to intercept\n  keyboard events before they are handled by the page. Calling\n  `event.preventDefault()` will cause the event to not be delivered to the\n  page. #8143.\n- The certificate specified to the `select-client-certificate` event callback is\n  now optional. <a href=\"https://github.com/electron/electron/pull/8134\">#8134</a>\n- Buttons are now optional when calling `dialog.showMessageBox`. <a href=\"https://github.com/electron/electron/pull/8187\">#8187</a>\n- `nativeImage.createFromBuffer` can now be called with bitmap buffers. <a href=\"https://github.com/electron/electron/pull/8175\">#8175</a>\n- You can now register schemes as secure by calling\n  `protocol.registerStandardSchemes` with `{secure: true}` as the second\n  argument. <a href=\"https://github.com/electron/electron/pull/7947\">#7947</a>\n",
    "version": "1.4.13"
  },
  {
    "url": "https://api.github.com/repos/electron/electron/releases/4883715",
    "assets_url": "https://api.github.com/repos/electron/electron/releases/4883715/assets",
    "upload_url": "https://uploads.github.com/repos/electron/electron/releases/4883715/assets{?name,label}",
    "html_url": "https://github.com/electron/electron/releases/tag/v1.4.12",
    "id": 4883715,
    "tag_name": "v1.4.12",
    "target_commitish": "master",
    "name": "electron v1.4.12",
    "draft": false,
    "prerelease": false,
    "created_at": "2016-12-10T05:43:27Z",
    "published_at": "2016-12-10T06:55:28Z",
    "tarball_url": "https://api.github.com/repos/electron/electron/tarball/v1.4.12",
    "zipball_url": "https://api.github.com/repos/electron/electron/zipball/v1.4.12",
    "body": "## Bug Fixes\n- Fixed an issue where certain certificates would be incorrectly rejected\n  when making HTTPS requests. This was an upstream Chrome fix that is\n  time-sensitive where affected certificates will be rejected starting 10 weeks\n  after the time of the Electron release. Electron versions 1.4.0 - 1.4.11 are\n  affected. Read [this blog post](http://electron.atom.io/blog/2016/12/09/certificate-transparency-fix) for more details. <a href=\"https://github.com/electron/electron/pull/8176\">#8176</a>\n\n## New APIs\n- Added `session.createInterruptedDownload` to enable resuming a previously\n  interrupted download. <a href=\"https://github.com/electron/electron/pull/8061\">#8061</a>\n- Added `session.clearAuthCache` to enable clearing a session's HTTP\n  authentication cache.  <a href=\"https://github.com/electron/electron/pull/8107\">#8107</a>\n",
    "version": "1.4.12"
  },
  {
    "url": "https://api.github.com/repos/electron/electron/releases/4850470",
    "assets_url": "https://api.github.com/repos/electron/electron/releases/4850470/assets",
    "upload_url": "https://uploads.github.com/repos/electron/electron/releases/4850470/assets{?name,label}",
    "html_url": "https://github.com/electron/electron/releases/tag/v1.4.11",
    "id": 4850470,
    "tag_name": "v1.4.11",
    "target_commitish": "master",
    "name": "electron v1.4.11",
    "draft": false,
    "prerelease": false,
    "created_at": "2016-12-07T16:53:58Z",
    "published_at": "2016-12-07T18:03:31Z",
    "tarball_url": "https://api.github.com/repos/electron/electron/tarball/v1.4.11",
    "zipball_url": "https://api.github.com/repos/electron/electron/zipball/v1.4.11",
    "body": "## Bug Fixes\n- Fixed an issue where `window.alert`, `window.close`, and `window.confirm` did\n  not behave as expected. <a href=\"https://github.com/electron/electron/pull/8120\">#8120</a>\n- Fixed an issue where accessing remote objects and functions would fail\n  after reloading. <a href=\"https://github.com/electron/electron/pull/8110\">#8110</a>\n- Fixed an issue where the `KeyboardEvent.key` value would be incorrect when `Control` was pressed\n  on Linux using certain keyboard layouts.  <a href=\"https://github.com/electron/electron/pull/8147\">#8147</a>\n- Fixed an issue where removing a folder from the workspace in the dev tools\n  failed. <a href=\"https://github.com/electron/electron/pull/8086\">#8086</a>\n- The `dialog` APIs no longer write values back into the specified `options`\n  object parameter. <a href=\"https://github.com/electron/electron/pull/8123\">#8123</a>\n- Fixed an issue where `BrowserWindow.fromDevToolsWebContents` would throw an\n  error. <a href=\"https://github.com/electron/electron/pull/8144\">#8144</a>\n\n## New APIs\n\n### macOS\n- Added `BrowserWindow.setAutohideCursor` to change the setting dynamically.\n  <a href=\"https://github.com/electron/electron/pull/8092\">#8092</a>\n- Added `BrowserWindow.closeFilePreview` to close the Quick Look preview\n  previously opened with `BrowserWindow.previewFile`. <a href=\"https://github.com/electron/electron/pull/8038\">#8038</a>\n- Added `systemPreferences.setUserDefault` to be able to change the user\n  preference defaults. <a href=\"https://github.com/electron/electron/pull/8084\">#8084</a>\n- Added `crashReporter.get/setUploadToServer` to dynamically configure the\n  setting. Also Renamed the `autoSubmit` option to `uploadToServer` in\n  `crashReporter.start`. The old option name is still available for\n  backwards-compatibility but will be removed in Electron 2.0. <a href=\"https://github.com/electron/electron/pull/7952\">#7952</a>\n\n### Windows\n- Added `BrowserWindow.setAppDetails` to configure the properties of the\n  window's taskbar button. <a href=\"https://github.com/electron/electron/pull/7952\">#7952</a>\n",
    "version": "1.4.11"
  },
  {
    "url": "https://api.github.com/repos/electron/electron/releases/4849584",
    "assets_url": "https://api.github.com/repos/electron/electron/releases/4849584/assets",
    "upload_url": "https://uploads.github.com/repos/electron/electron/releases/4849584/assets{?name,label}",
    "html_url": "https://github.com/electron/electron/releases/tag/v1.3.13",
    "id": 4849584,
    "tag_name": "v1.3.13",
    "target_commitish": "1-3-x",
    "name": "electron v1.3.13",
    "draft": false,
    "prerelease": false,
    "created_at": "2016-12-06T22:12:51Z",
    "published_at": "2016-12-06T23:53:09Z",
    "tarball_url": "https://api.github.com/repos/electron/electron/tarball/v1.3.13",
    "zipball_url": "https://api.github.com/repos/electron/electron/zipball/v1.3.13",
    "body": "## Bug Fixes\n- Fixed an issue where `window.alert`, `window.close`, and `window.confirm` did\n  not behave as expected. <a href=\"https://github.com/electron/electron/pull/8120\">#8120</a>\n- Fixed an issue where accessing remote objects and functions would fail\n  after reloading. <a href=\"https://github.com/electron/electron/pull/8110\">#8110</a>\n- Fixed an issue where the `KeyboardEvent.key` value would be incorrect when `Control` was pressed\n  on Linux using certain keyboard layouts.  <a href=\"https://github.com/electron/electron/pull/8147\">#8147</a>\n",
    "version": "1.3.13"
  },
  {
    "url": "https://api.github.com/repos/electron/electron/releases/4777104",
    "assets_url": "https://api.github.com/repos/electron/electron/releases/4777104/assets",
    "upload_url": "https://uploads.github.com/repos/electron/electron/releases/4777104/assets{?name,label}",
    "html_url": "https://github.com/electron/electron/releases/tag/v1.4.10",
    "id": 4777104,
    "tag_name": "v1.4.10",
    "target_commitish": "master",
    "name": "electron v1.4.10",
    "draft": false,
    "prerelease": false,
    "created_at": "2016-11-28T20:50:12Z",
    "published_at": "2016-11-28T22:12:52Z",
    "tarball_url": "https://api.github.com/repos/electron/electron/tarball/v1.4.10",
    "zipball_url": "https://api.github.com/repos/electron/electron/zipball/v1.4.10",
    "body": "## Bug Fixes\n- Fixed an issue where the window.opener API did not behave as expected.\n",
    "version": "1.4.10"
  },
  {
    "url": "https://api.github.com/repos/electron/electron/releases/4776102",
    "assets_url": "https://api.github.com/repos/electron/electron/releases/4776102/assets",
    "upload_url": "https://uploads.github.com/repos/electron/electron/releases/4776102/assets{?name,label}",
    "html_url": "https://github.com/electron/electron/releases/tag/v1.3.12",
    "id": 4776102,
    "tag_name": "v1.3.12",
    "target_commitish": "1-3-access-web-contents",
    "name": "electron v1.3.12",
    "draft": false,
    "prerelease": false,
    "created_at": "2016-11-28T18:50:25Z",
    "published_at": "2016-11-28T20:49:19Z",
    "tarball_url": "https://api.github.com/repos/electron/electron/tarball/v1.3.12",
    "zipball_url": "https://api.github.com/repos/electron/electron/zipball/v1.3.12",
    "body": "## Bug Fixes\n- Fixed an issue where the window.opener API did not behave as expected.\n",
    "version": "1.3.12"
  },
  {
    "url": "https://api.github.com/repos/electron/electron/releases/4735609",
    "assets_url": "https://api.github.com/repos/electron/electron/releases/4735609/assets",
    "upload_url": "https://uploads.github.com/repos/electron/electron/releases/4735609/assets{?name,label}",
    "html_url": "https://github.com/electron/electron/releases/tag/v1.4.8",
    "id": 4735609,
    "tag_name": "v1.4.8",
    "target_commitish": "master",
    "name": "electron v1.4.8",
    "draft": false,
    "prerelease": false,
    "created_at": "2016-11-22T22:02:52Z",
    "published_at": "2016-11-22T23:46:11Z",
    "tarball_url": "https://api.github.com/repos/electron/electron/tarball/v1.4.8",
    "zipball_url": "https://api.github.com/repos/electron/electron/zipball/v1.4.8",
    "body": "## Bug Fixes\n- The error thrown when a missing remote object is accessed now includes the id\n  of the object and the name of the property being accessed or method being\n  called. <a href=\"https://github.com/electron/electron/pull/8003\">#8003</a>\n\n### Windows\n- Fixed an issue where the window would restore to the incorrect size when\n  `minWidth` was used. <a href=\"https://github.com/electron/electron/pull/8047\">#8047</a>\n\n### macOS\n- Fixed an issue where `systemPreferences.getUserDefault` would crash when\n  requesting a value as an array or dictionary. <a href=\"https://github.com/electron/electron/pull/7993\">#7993</a>\n\n## API Changes\n- The implementation of `chrome.runtime.onMessage` used by dev tools extensions\n  now supports a response callback parameter. <a href=\"https://github.com/electron/electron/pull/7974\">#7974</a>\n- `toggledevtools` and `reload` are now supported menu item roles. <a href=\"https://github.com/electron/electron/pull/7981\">#7981</a>\n- Added a `setLayoutZoomLevelLimits` method to `webFrame`, `webContents`, and\n  `<webview>` that can be used to set the layout-based zoom level limits of a\n  page. The `setZoomLevelLimits` API has been deprecated and renamed to\n  `setVisualZoomLeveLimits` to control the pinch-to-zoom level.\n  `setZoomLevelLimits` will be completely removed in Electron 2.0.  <a href=\"https://github.com/electron/electron/pull/8041\">#8041</a>\n\n### macOS\n- `shell.openExternal` is now asynchronous if the final specified argument is\n  a callback function. <a href=\"https://github.com/electron/electron/pull/7612\">#7612</a>\n- A `zoomToPageWidth` option was added to the `BrowserWindow` constructor that\n  controls how the window resizes when running the Window > Zoom menu item or\n  when option-clicking the green stoplight toolbar button. <a href=\"https://github.com/electron/electron/pull/7776\">#7776</a>\n",
    "version": "1.4.8"
  },
  {
    "url": "https://api.github.com/repos/electron/electron/releases/4732793",
    "assets_url": "https://api.github.com/repos/electron/electron/releases/4732793/assets",
    "upload_url": "https://uploads.github.com/repos/electron/electron/releases/4732793/assets{?name,label}",
    "html_url": "https://github.com/electron/electron/releases/tag/v1.3.10",
    "id": 4732793,
    "tag_name": "v1.3.10",
    "target_commitish": "1-3-zoom-fix",
    "name": "electron v1.3.10",
    "draft": false,
    "prerelease": false,
    "created_at": "2016-11-22T17:33:38Z",
    "published_at": "2016-11-22T19:19:28Z",
    "tarball_url": "https://api.github.com/repos/electron/electron/tarball/v1.3.10",
    "zipball_url": "https://api.github.com/repos/electron/electron/zipball/v1.3.10",
    "body": "## New APIs\n- Added a `setLayoutZoomLevelLimits` method to `webFrame`, `webContents`, and `<webview>` that can be used to set the layout-based zoom level limits of a page. The `setZoomLevelLimits` API has been deprecated and renamed to `setVisualZoomLeveLimits` to control the pinch-to-zoom level. `setZoomLevelLimits` will be completely removed in Electron 2.0.  <a href=\"https://github.com/electron/electron/pull/8041\">#8041</a>\n",
    "version": "1.3.10"
  },
  {
    "url": "https://api.github.com/repos/electron/electron/releases/4679345",
    "assets_url": "https://api.github.com/repos/electron/electron/releases/4679345/assets",
    "upload_url": "https://uploads.github.com/repos/electron/electron/releases/4679345/assets{?name,label}",
    "html_url": "https://github.com/electron/electron/releases/tag/v1.3.9",
    "id": 4679345,
    "tag_name": "v1.3.9",
    "target_commitish": "1-3-opener-fix",
    "name": "electron v1.3.9",
    "draft": false,
    "prerelease": false,
    "created_at": "2016-11-16T19:29:03Z",
    "published_at": "2016-11-16T20:56:59Z",
    "tarball_url": "https://api.github.com/repos/electron/electron/tarball/v1.3.9",
    "zipball_url": "https://api.github.com/repos/electron/electron/zipball/v1.3.9",
    "body": "## Bug Fixes\n- Fixed an issue where the window.opener API did not behave as expected.\n",
    "version": "1.3.9"
  },
  {
    "url": "https://api.github.com/repos/electron/electron/releases/4677159",
    "assets_url": "https://api.github.com/repos/electron/electron/releases/4677159/assets",
    "upload_url": "https://uploads.github.com/repos/electron/electron/releases/4677159/assets{?name,label}",
    "html_url": "https://github.com/electron/electron/releases/tag/v1.4.7",
    "id": 4677159,
    "tag_name": "v1.4.7",
    "target_commitish": "master",
    "name": "electron v1.4.7",
    "draft": false,
    "prerelease": false,
    "created_at": "2016-11-16T16:11:28Z",
    "published_at": "2016-11-16T18:46:50Z",
    "tarball_url": "https://api.github.com/repos/electron/electron/tarball/v1.4.7",
    "zipball_url": "https://api.github.com/repos/electron/electron/zipball/v1.4.7",
    "body": "## Dependency Upgrades\n- [Squirrel.Mac](https://github.com/Squirrel/Squirrel.Mac), Electron's bundled\n  macOS auto updater library, was upgraded to 0.3.0 which includes several bug\n  fixes. The new version enables [App Transport Security (ATS)](https://developer.apple.com/library/content/documentation/General/Reference/InfoPlistKeyReference/Articles/CocoaKeys.html#//apple_ref/doc/uid/TP40009251-SW35)\n  on all requests it makes to the update server. This can be disabled,\n  if needed, by adding `NSAllowsArbitraryLoads` to the app's plist file. <a href=\"https://github.com/electron/electron/pull/7933\">#7933</a>\n\n## New APIs\n- You can now enable the macOS vibrancy effect on a `BrowserWindow` by calling\n  `setVibrancy(vibrancyType)` or by including a `vibrancy` value in the\n  constructor options. <a href=\"https://github.com/electron/electron/pull/7898\">#7898</a>\n- You can now specify `POST` data when calling `BrowserWindow.loadURL` via the\n  `postData` option. Also `<form>` tags configured with `method=post` will now\n  make `POST` requests with their data when submitted. <a href=\"https://github.com/electron/electron/pull/7540\">#7540</a>\n- The certificate specified to the `session.setCertificateVerifyProc` callback\n  now includes the entire certificate chain. <a href=\"https://github.com/electron/electron/pull/7917\">#7917</a>\n- The `<webview>` tag now supports a `disableguestresize` attribute that will\n  disable automatic resizing of the guest `webContents` when the `<webview>`\n  element resizes. You can now call `setSize` directly on the guest\n  `webContents` to manually control the size. <a href=\"https://github.com/electron/electron/pull/7658\">#7658</a>\n- The `chrome.storage.remove` and `chrome.storage.clear` APIs are now available\n  to DevTools extensions. <a href=\"https://github.com/electron/electron/pull/7923\">#7923</a>\n\n## Bug Fixes\n- The `about:` protocol is now correctly supported by default. <a href=\"https://github.com/electron/electron/pull/7908\">#7908</a>\n- Menu item keyboard accelerators are now properly disabled when the menu item\n  is disabled. <a href=\"https://github.com/electron/electron/pull/7962\">#7962</a>\n- The check for disabling ASAR support via the `ELECTRON_NO_ASAR` environment\n  variable is now cached for better performance. <a href=\"https://github.com/electron/electron/pull/7978\">#7978</a>\n- Fixed a crash when calling `app.setAboutPanelOptions(options)` with a\n  `credits` value. <a href=\"https://github.com/electron/electron/pull/7979\">#7979</a>\n- Fixed an issue where an error would be thrown in certain cases when accessing\n  remote objects or functions. <a href=\"https://github.com/electron/electron/pull/7980\">#7980</a>\n- Fixed an issue where the `window.opener` API did not behave as expected.\n",
    "version": "1.4.7"
  },
  {
    "url": "https://api.github.com/repos/electron/electron/releases/4617538",
    "assets_url": "https://api.github.com/repos/electron/electron/releases/4617538/assets",
    "upload_url": "https://uploads.github.com/repos/electron/electron/releases/4617538/assets{?name,label}",
    "html_url": "https://github.com/electron/electron/releases/tag/v1.4.6",
    "id": 4617538,
    "tag_name": "v1.4.6",
    "target_commitish": "master",
    "name": "electron v1.4.6",
    "draft": false,
    "prerelease": false,
    "created_at": "2016-11-09T19:59:25Z",
    "published_at": "2016-11-09T21:26:29Z",
    "tarball_url": "https://api.github.com/repos/electron/electron/tarball/v1.4.6",
    "zipball_url": "https://api.github.com/repos/electron/electron/zipball/v1.4.6",
    "body": "## Dependency Upgrades\n- Upgraded to Chrome `53.0.2785.143` from `53.0.2785.113`. <a href=\"https://github.com/electron/electron/pull/7906\">#7906</a>\n\n## API Changes\n- `webContents.executeJavaScript` now returns a `Promise` that resolves to the\n  value returned by the specified code block. Previously this method did not\n  return a value. The `callback` option is still supported. <a href=\"https://github.com/electron/electron/pull/7533\">#7533</a>\n\n## Bug Fixes\n- Fixed an issue where `<webview>` tags would be cleared or refreshed\n  incorrectly when toggling the visibility or attaching/detaching. <a href=\"https://github.com/electron/electron/pull/7852\">#7852</a>\n\n## Infrastructure Changes\n- Electron's V8 headers can now be downloaded from https://atom.io/download/electron\n  instead of https://atom.io/download/atom-shell. This URL is used as the\n  `disturl` option to NPM when compiling native modules to be used in Electron.\n  <a href=\"https://github.com/electron/electron/pull/7881\">#7881</a>\n- The Windows symbol server for Electron is now available at https://electron-symbols.githubapp.com\n  instead of http://54.249.141.255:8086/atom-shell/symbols. <a href=\"https://github.com/electron/electron/pull/7895\">#7895</a>\n",
    "version": "1.4.6"
  },
  {
    "url": "https://api.github.com/repos/electron/electron/releases/4538258",
    "assets_url": "https://api.github.com/repos/electron/electron/releases/4538258/assets",
    "upload_url": "https://uploads.github.com/repos/electron/electron/releases/4538258/assets{?name,label}",
    "html_url": "https://github.com/electron/electron/releases/tag/v1.4.5",
    "id": 4538258,
    "tag_name": "v1.4.5",
    "target_commitish": "master",
    "name": "electron v1.4.5",
    "draft": false,
    "prerelease": false,
    "created_at": "2016-11-01T15:51:10Z",
    "published_at": "2016-11-01T17:34:37Z",
    "tarball_url": "https://api.github.com/repos/electron/electron/tarball/v1.4.5",
    "zipball_url": "https://api.github.com/repos/electron/electron/zipball/v1.4.5",
    "body": "## Bug Fixes\n- Fixed a crash when loading a URL using a persistent session. <a href=\"https://github.com/electron/electron/pull/7628\">#7628</a>\n- Fixed a crash when using `setCertificateVerifyProc` on a session. <a href=\"https://github.com/electron/electron/pull/7651\">#7651</a>\n- Fixed a crash when creating notifications on a session that is using a permission request handler. <a href=\"https://github.com/electron/electron/pull/7788\">#7788</a>\n\n### Windows\n- Fixed an issue where the web contents would lose focus when clicking the\n  menu bar causing certain role-based menu items to not work. <a href=\"https://github.com/electron/electron/pull/7707\">#7707</a>\n- Fixed an issue where maximized windows would be restored/un-maximized to the\n  wrong location. <a href=\"https://github.com/electron/electron/pull/7766\">#7766</a>\n\n## New APIs\n- Added a new `net` module that exposes Chrome's native network APIs, available\n  via `require('electron').net` in the main process. <a href=\"https://github.com/electron/electron/pull/7577\">#7577</a>\n- Added support for setting additional options to\n  `webFrame.registerURLSchemeAsPrivileged`. <a href=\"https://github.com/electron/electron/pull/7665\">#7665</a>\n- Added support for a `webpreferences` attribute to `<webview>` tags that can\n  be used to set additional options similar to the `webPreferences` option on\n  the `BrowserWindow`constructor. <a href=\"https://github.com/electron/electron/pull/7631\">#7631</a>\n\n### macOS\n- Added support to the `clipboard` module for reading from and writing to the\n  find pasteboard, available as `clipboard.readFindText`/`writeFindText`. <a href=\"https://github.com/electron/electron/pull/7719\">#7719</a>\n- Added `BrowserWindow.previewFile` that opens a file in the native Quick Look\n  view. <a href=\"https://github.com/electron/electron/pull/7592\">#7592</a>\n",
    "version": "1.4.5"
  },
  {
    "url": "https://api.github.com/repos/electron/electron/releases/4436472",
    "assets_url": "https://api.github.com/repos/electron/electron/releases/4436472/assets",
    "upload_url": "https://uploads.github.com/repos/electron/electron/releases/4436472/assets{?name,label}",
    "html_url": "https://github.com/electron/electron/releases/tag/v1.3.8",
    "id": 4436472,
    "tag_name": "v1.3.8",
    "target_commitish": "master",
    "name": "electron v1.3.8",
    "draft": false,
    "prerelease": false,
    "created_at": "2016-10-20T02:34:18Z",
    "published_at": "2016-10-20T07:11:47Z",
    "tarball_url": "https://api.github.com/repos/electron/electron/tarball/v1.3.8",
    "zipball_url": "https://api.github.com/repos/electron/electron/zipball/v1.3.8",
    "body": "Changelog:\n\n**Windows**\n- Fix accessibility always enabled on touch screen. [#7611](https://github.com/electron/electron/pull/7611)\n",
    "version": "1.3.8"
  },
  {
    "url": "https://api.github.com/repos/electron/electron/releases/4414286",
    "assets_url": "https://api.github.com/repos/electron/electron/releases/4414286/assets",
    "upload_url": "https://uploads.github.com/repos/electron/electron/releases/4414286/assets{?name,label}",
    "html_url": "https://github.com/electron/electron/releases/tag/v1.4.4",
    "id": 4414286,
    "tag_name": "v1.4.4",
    "target_commitish": "master",
    "name": "electron v1.4.4",
    "draft": false,
    "prerelease": false,
    "created_at": "2016-10-20T00:17:29Z",
    "published_at": "2016-10-20T02:23:41Z",
    "tarball_url": "https://api.github.com/repos/electron/electron/tarball/v1.4.4",
    "zipball_url": "https://api.github.com/repos/electron/electron/zipball/v1.4.4",
    "body": "Changelog:\n- Add `ELECTRON_NO_ASAR` environment variable. [#7479](https://github.com/electron/electron/pull/7479)\n- Fix broken `window.open`. [#7520](https://github.com/electron/electron/pull/7520)\n- Fix crash reports not saved under the `temp` directory configured by user. [#7500](https://github.com/electron/electron/pull/7500)\n- Fix `webContents.openDevTools([options])` ignoring docks state. [brightray#254](https://github.com/electron/brightray/pull/254)\n- Fix `Tab` not working as `keyCode` in `webContents.sendInputEvent(event)` API. [#7500](https://github.com/electron/electron/pull/7500)\n- Fix custom properties not set in the constructor of `MenuItem`. [#7498](https://github.com/electron/electron/pull/7498)\n\n**Windows**\n- Add `isInvertedColorScheme()` method and `inverted-color-scheme-changed` event to the `systemPreferences` module. [#7518](https://github.com/electron/electron/pull/7518)\n- Add `getColor(name)` method and `color-changed` event to the `systemPreferences` module. [#7561](https://github.com/electron/electron/pull/7561)\n- Fix output not printed to console under Node mode. [#7578](https://github.com/electron/electron/pull/7578)\n- Fix accessibility always enabled on touch screen. [#7611](https://github.com/electron/electron/pull/7611)\n\n**Linux**\n- Fix audio streams being named as `Chromium`. [#7524](https://github.com/electron/electron/pull/7524)\n\n**macOS**\n- Add `app.setAboutPanelOptions(options)` API. [#7549](https://github.com/electron/electron/pull/7549)\n- Fix crash caused by long app name when app is sandboxed with non-MAS build. [#7566](https://github.com/electron/electron/pull/7566)\n",
    "version": "1.4.4"
  },
  {
    "url": "https://api.github.com/repos/electron/electron/releases/4319599",
    "assets_url": "https://api.github.com/repos/electron/electron/releases/4319599/assets",
    "upload_url": "https://uploads.github.com/repos/electron/electron/releases/4319599/assets{?name,label}",
    "html_url": "https://github.com/electron/electron/releases/tag/v1.4.3",
    "id": 4319599,
    "tag_name": "v1.4.3",
    "target_commitish": "master",
    "name": "electron v1.4.3",
    "draft": false,
    "prerelease": false,
    "created_at": "2016-10-06T08:12:07Z",
    "published_at": "2016-10-06T10:07:56Z",
    "tarball_url": "https://api.github.com/repos/electron/electron/tarball/v1.4.3",
    "zipball_url": "https://api.github.com/repos/electron/electron/zipball/v1.4.3",
    "body": "Changelog:\n- Add `additionalFeatures` parameter for `new-window` event. [#7291](https://github.com/electron/electron/pull/7291)\n- Add `event.newGuest` property for the `event` object of `new-window` event. [#7407](https://github.com/electron/electron/pull/7407)\n- Add `crop`, `resize`, `getAspectRatio` methods to `NativeImage`. [#7488](https://github.com/electron/electron/pull/7488)\n- Fix crash when closing windows that use `window.open`. [#7432](https://github.com/electron/electron/pull/7432)\n- Fix memory bug when passing `Buffer` from native land to JavaScript. [#7452](https://github.com/electron/electron/pull/7452)\n\n**Windows**\n- Enable `LargeAddressAware` for 32bit build. [brightray#253](https://github.com/electron/brightray/pull/253)\n- Use default error mode by default in the main process. [#7335](https://github.com/electron/electron/pull/7335)\n- Fix clicking menu not moving focus to the window. [#7282](https://github.com/electron/electron/pull/7282)\n- Fix certain emoji not showing with default font. [#7334](https://github.com/electron/electron/pull/7334)\n",
    "version": "1.4.3"
  },
  {
    "url": "https://api.github.com/repos/electron/electron/releases/4271918",
    "assets_url": "https://api.github.com/repos/electron/electron/releases/4271918/assets",
    "upload_url": "https://uploads.github.com/repos/electron/electron/releases/4271918/assets{?name,label}",
    "html_url": "https://github.com/electron/electron/releases/tag/v1.4.2",
    "id": 4271918,
    "tag_name": "v1.4.2",
    "target_commitish": "master",
    "name": "electron v1.4.2",
    "draft": false,
    "prerelease": false,
    "created_at": "2016-09-30T09:39:27Z",
    "published_at": "2016-09-30T12:22:53Z",
    "tarball_url": "https://api.github.com/repos/electron/electron/tarball/v1.4.2",
    "zipball_url": "https://api.github.com/repos/electron/electron/zipball/v1.4.2",
    "body": "Changelog:\n- Add experimental `sandbox` option in `webPreferences` which allows sandboxing for renderers. [#6919](https://github.com/electron/electron/pull/6919)\n- Add `level` parameter for `win.setAlwaysOnTop(flag[, level])` API. [#7296](https://github.com/electron/electron/pull/7296)\n- Add `changed` event for `cookies` module. [#7398](https://github.com/electron/electron/pull/7398)\n- Fix crash when using storage in custom schemes. [#7298](https://github.com/electron/electron/pull/7298)\n- Fix crash when accessing certain HTTPS websites. [brightray#250](https://github.com/electron/brightray/pull/250)\n- Fix menubar buttons not showing hover/press states. [#7397](https://github.com/electron/electron/pull/7397)\n- Fix saving CPU profile not working in devtools. [#7413](https://github.com/electron/electron/pull/7413)\n\n**macOS**\n- Hide `Show Tab Bar` menu item on macOS Sierra. [#7415](https://github.com/electron/electron/pull/7415)\n- Fix offscreen rendering not working with software output. [#7327](https://github.com/electron/electron/pull/7327)\n\n**Windows**\n- Fix wrong draggable region calculation under high DPI. [#7362](https://github.com/electron/electron/pull/7362)\n\n**Linux**\n- Fix tray icon not showing on Elementary OS. [#7319](https://github.com/electron/electron/pull/7319)\n",
    "version": "1.4.2"
  },
  {
    "url": "https://api.github.com/repos/electron/electron/releases/4236228",
    "assets_url": "https://api.github.com/repos/electron/electron/releases/4236228/assets",
    "upload_url": "https://uploads.github.com/repos/electron/electron/releases/4236228/assets{?name,label}",
    "html_url": "https://github.com/electron/electron/releases/tag/v1.3.7",
    "id": 4236228,
    "tag_name": "v1.3.7",
    "target_commitish": "master",
    "name": "electron v1.3.7",
    "draft": false,
    "prerelease": false,
    "created_at": "2016-09-27T03:19:21Z",
    "published_at": "2016-09-27T10:03:22Z",
    "tarball_url": "https://api.github.com/repos/electron/electron/tarball/v1.3.7",
    "zipball_url": "https://api.github.com/repos/electron/electron/zipball/v1.3.7",
    "body": "Changelog:\n- Upgrade to Node 6.5.0.\n",
    "version": "1.3.7"
  },
  {
    "url": "https://api.github.com/repos/electron/electron/releases/4199812",
    "assets_url": "https://api.github.com/repos/electron/electron/releases/4199812/assets",
    "upload_url": "https://uploads.github.com/repos/electron/electron/releases/4199812/assets{?name,label}",
    "html_url": "https://github.com/electron/electron/releases/tag/v1.4.1",
    "id": 4199812,
    "tag_name": "v1.4.1",
    "target_commitish": "master",
    "name": "electron v1.4.1",
    "draft": false,
    "prerelease": false,
    "created_at": "2016-09-22T10:05:58Z",
    "published_at": "2016-09-22T11:25:45Z",
    "tarball_url": "https://api.github.com/repos/electron/electron/tarball/v1.4.1",
    "zipball_url": "https://api.github.com/repos/electron/electron/zipball/v1.4.1",
    "body": "Changelog:\n- Add `guestinstance` attribute to `<webview>` tag which allows moving `WebContents` betweens `<webview>`s. [#7157](https://github.com/electron/electron/pull/7157)\n- Add `ses.getBlobData(identifier, callback)` API to read uploaded data in protocol. [#6941](https://github.com/electron/electron/pull/6941)\n- Add `contents.invalidate()` API. [#7062](https://github.com/electron/electron/pull/7062)\n- Add `killed` parameter for `crashed` and `gpu-process-crashed` events. [#7241](https://github.com/electron/electron/pull/7241)\n- Add `GOOGLE_API_KEY` environment variable to specify custom Google API key. [#7276](https://github.com/electron/electron/pull/7276)\n- Fix exception when accessing remote functions. [#7209](https://github.com/electron/electron/pull/7209)\n- Fix wrong filename when downloading from URL with trailing slash. [#7169](https://github.com/electron/electron/pull/7169)\n- Fix `beginFrameSubscription` not working correctly for HiDPI screens. [#7163](https://github.com/electron/electron/pull/7163)\n- Fix offscreen renderer not resizing. [#7062](https://github.com/electron/electron/pull/7062)\n- Fix `net::ERR_INSECURE_RESPONSE` error when visiting some websites. [#7221](https://github.com/electron/electron/pull/7221)\n\n**Linux**\n- Add support for `kioclient`, `kioclient5` and `trash-cli` in `shell.moveItemToTrash(path)` API. [#7178](https://github.com/electron/electron/pull/7178)\n\n**macOS**\n- Add `scroll-touch-edge` event for `BrowserWindow` and fix regressions of `scroll-touch-begin/end` events. [#7239](https://github.com/electron/electron/pull/7239)\n\n**Windows**\n- Use `Ctrl+Y` as the default accelerator of `redo` menu role. [#7236](https://github.com/electron/electron/pull/7236)\n- Add `getAccentColor` method and `accent-color-changed` event to `systemPreferences` module. [#7173](https://github.com/electron/electron/pull/7173)\n",
    "version": "1.4.1"
  },
  {
    "url": "https://api.github.com/repos/electron/electron/releases/4138666",
    "assets_url": "https://api.github.com/repos/electron/electron/releases/4138666/assets",
    "upload_url": "https://uploads.github.com/repos/electron/electron/releases/4138666/assets{?name,label}",
    "html_url": "https://github.com/electron/electron/releases/tag/v1.4.0",
    "id": 4138666,
    "tag_name": "v1.4.0",
    "target_commitish": "master",
    "name": "electron v1.4.0",
    "draft": false,
    "prerelease": false,
    "created_at": "2016-09-15T05:44:10Z",
    "published_at": "2016-09-15T07:25:32Z",
    "tarball_url": "https://api.github.com/repos/electron/electron/tarball/v1.4.0",
    "zipball_url": "https://api.github.com/repos/electron/electron/zipball/v1.4.0",
    "body": "Changelog:\n- Upgrade to Chrome 53. [#7104](https://github.com/electron/electron/pull/7104)\n- Upgrade to Node 6.5.0. [#7104](https://github.com/electron/electron/pull/7104)\n",
    "version": "1.4.0"
  },
  {
    "url": "https://api.github.com/repos/electron/electron/releases/4077337",
    "assets_url": "https://api.github.com/repos/electron/electron/releases/4077337/assets",
    "upload_url": "https://uploads.github.com/repos/electron/electron/releases/4077337/assets{?name,label}",
    "html_url": "https://github.com/electron/electron/releases/tag/v1.3.6",
    "id": 4077337,
    "tag_name": "v1.3.6",
    "target_commitish": "master",
    "name": "electron v1.3.6",
    "draft": false,
    "prerelease": false,
    "created_at": "2016-09-14T05:36:11Z",
    "published_at": "2016-09-15T01:30:40Z",
    "tarball_url": "https://api.github.com/repos/electron/electron/tarball/v1.3.6",
    "zipball_url": "https://api.github.com/repos/electron/electron/zipball/v1.3.6",
    "body": "Changelog:\n- Add `devtools` option to `webPreferences`. [#7096](https://github.com/electron/electron/issues/7096)\n- Add return values for `shell.showItemInFolder` and `shell.openItem`. [#7182](https://github.com/electron/electron/issues/7182)\n- Fix context menu not working for pepper flash. [#7110](https://github.com/electron/electron/issues/7110)\n- Fix asar archives not working after `execSync` throws. [#7116](https://github.com/electron/electron/issues/7116)\n- Fix exception when accessing `process.stdin` in renderer process. [#7130](https://github.com/electron/electron/issues/7130)\n- Fix `<webview>` loading host URL when `src` is empty. [#7146](https://github.com/electron/electron/issues/7146)\n- Fix videos unable to be loaded in asar archives. [#7123](https://github.com/electron/electron/issues/7123)\n- Fix wrong judge on in-page navigation when `history.replaceState` is used. [#7175](https://github.com/electron/electron/issues/7175)\n\n**macOS**\n- Add `userInfo` parameter to `ready` event of `app`. [#7053](https://github.com/electron/electron/issues/7053)\n- Add support for `titleBarStyle: 'hidden-inset'` on OS X 10.9. [#7077](https://github.com/electron/electron/issues/7077)\n- Fix hanging when showing a dialog when a modal window is being closed. [#7130](https://github.com/electron/electron/issues/7131)\n",
    "version": "1.3.6"
  },
  {
    "url": "https://api.github.com/repos/electron/electron/releases/4026164",
    "assets_url": "https://api.github.com/repos/electron/electron/releases/4026164/assets",
    "upload_url": "https://uploads.github.com/repos/electron/electron/releases/4026164/assets{?name,label}",
    "html_url": "https://github.com/electron/electron/releases/tag/v1.3.5",
    "id": 4026164,
    "tag_name": "v1.3.5",
    "target_commitish": "master",
    "name": "electron v1.3.5",
    "draft": false,
    "prerelease": false,
    "created_at": "2016-09-02T04:59:28Z",
    "published_at": "2016-09-02T07:57:11Z",
    "tarball_url": "https://api.github.com/repos/electron/electron/tarball/v1.3.5",
    "zipball_url": "https://api.github.com/repos/electron/electron/zipball/v1.3.5",
    "body": "Changelog:\n- Allow accessing remote function properties. [#6867](https://github.com/electron/electron/issues/6867)\n- Improve performance when sending `Buffer` with `remote` module. [#6963](https://github.com/electron/electron/issues/6963)\n- Fix crash when sending native objects through IPC. [#6998](https://github.com/electron/electron/issues/6998)\n- Fix crash when calling `inspectElement` after `openDevTools`. [#6940](https://github.com/electron/electron/issues/6940)\n- Fix `webkitRequestFileSystem` not working in custom protocols. [#6952](https://github.com/electron/electron/issues/6952)\n- Fix the same objects sent in one IPC message becoming `null`. [#6977](https://github.com/electron/electron/issues/6977)\n- Fix `downloadItem.setSavePath` not working when server returns 404 status. [#6983](https://github.com/electron/electron/issues/6983)\n- Fix `--debug-brk` not stopping on first line. [#7001](https://github.com/electron/electron/issues/7001)\n- Fix `process.exit()` not accepting empty arguments. [#7028](https://github.com/electron/electron/issues/7028)\n- Fix `beginFrameSubscription` not working for the `WebContents` of `<webview`>. [libchromiumcontent#227](https://github.com/electron/libchromiumcontent/issues/227)\n\n**Linux**\n- The prebuilt binaries for ARM now use `armv7l` as filename suffix. [#6986](https://github.com/electron/electron/issues/6986)\n- Fix `win.setFullScreen(false)` not working. [#6961](https://github.com/electron/electron/issues/6961)\n\n**Windows**\n- Add `app.getJumpListSettings()` and `app.setJumpList(categories)` APIs. [#6826](https://github.com/electron/electron/issues/6826)\n- Fix CJK fonts not showing in flash plugin. [#7018](https://github.com/electron/electron/issues/7018)\n",
    "version": "1.3.5"
  },
  {
    "url": "https://api.github.com/repos/electron/electron/releases/3948082",
    "assets_url": "https://api.github.com/repos/electron/electron/releases/3948082/assets",
    "upload_url": "https://uploads.github.com/repos/electron/electron/releases/3948082/assets{?name,label}",
    "html_url": "https://github.com/electron/electron/releases/tag/v1.3.4",
    "id": 3948082,
    "tag_name": "v1.3.4",
    "target_commitish": "master",
    "name": "electron v1.3.4",
    "draft": false,
    "prerelease": false,
    "created_at": "2016-08-23T08:03:07Z",
    "published_at": "2016-08-23T10:50:37Z",
    "tarball_url": "https://api.github.com/repos/electron/electron/tarball/v1.3.4",
    "zipball_url": "https://api.github.com/repos/electron/electron/zipball/v1.3.4",
    "body": "Changelog:\n- Use `String` instead of `Buffer` to represent certificate data. [#6814](https://github.com/electron/electron/pull/6814), [#6881](https://github.com/electron/electron/pull/6881)\n- Add `isMainFrame` parameter to the `did-navigate-in-page` event. [#6810](https://github.com/electron/electron/pull/6810)\n- Fix privileged schemes not able to send CORS requests. [#6816](https://github.com/electron/electron/pull/6816)\n- Fix `hasImageContents` parameter of `context-menu` event being wrong. [#6817](https://github.com/electron/electron/pull/6817)\n- Fix crash on garbage collection in renderer process. [#6832](https://github.com/electron/electron/pull/6832)\n- Fix memory leak when render view is deleted. [#6857](https://github.com/electron/electron/pull/6857)\n- Fix relative URLs not working when changing `win.location` for objects returned by `window.open`. [#6861](https://github.com/electron/electron/pull/6861)\n- Fix `webRequest.onBeforeSendHeaders` API drops headers with \".\" in the name. [#6856](https://github.com/electron/electron/pull/6856)\n- Fix crash when using `fetch` in renderer process. [#6926](https://github.com/electron/electron/pull/6926)\n- Fix `ses.enableNetworkEmulation` not working with default options. [#6935](https://github.com/electron/electron/pull/6935)\n\n**macOS**\n- Add support for `titleBarStyle: 'hidden'` on OS X 10.9. [#6848](https://github.com/electron/electron/pull/6848)\n- Fix window size being changed when calling `setClosable`, `setMaximizable` and `setMinimizable` APIs. [#6850](https://github.com/electron/electron/pull/6850)\n- Fix \"Hide extension\" checkbox showing for open dialog. [#6872](https://github.com/electron/electron/pull/6872)\n\n**Windows**\n- Add `path` and `args` parameters to `app.setAsDefaultProtocolClient` API. [#6858](https://github.com/electron/electron/pull/6858)\n- Fix menu item roles not working correctly when having hidden windows. [#6851](https://github.com/electron/electron/pull/6851)\n- Fix thumbar buttons disappeared after calling `win.setSkipTaskbar(skip)`. [#6829](https://github.com/electron/electron/pull/6829)\n",
    "version": "1.3.4"
  },
  {
    "url": "https://api.github.com/repos/electron/electron/releases/3853253",
    "assets_url": "https://api.github.com/repos/electron/electron/releases/3853253/assets",
    "upload_url": "https://uploads.github.com/repos/electron/electron/releases/3853253/assets{?name,label}",
    "html_url": "https://github.com/electron/electron/releases/tag/v1.3.3",
    "id": 3853253,
    "tag_name": "v1.3.3",
    "target_commitish": "master",
    "name": "electron v1.3.3",
    "draft": false,
    "prerelease": false,
    "created_at": "2016-08-10T07:00:24Z",
    "published_at": "2016-08-10T11:09:35Z",
    "tarball_url": "https://api.github.com/repos/electron/electron/tarball/v1.3.3",
    "zipball_url": "https://api.github.com/repos/electron/electron/zipball/v1.3.3",
    "body": "Changelog:\n- Remove the `view-painted` event which was introduced in v1.3.1 and didn't work. [#6705](https://github.com/electron/electron/pull/6705)\n- Add support for offscreen rendering. [#6691](https://github.com/electron/electron/pull/6691), [#6713](https://github.com/electron/electron/pull/6713), [#6723](https://github.com/electron/electron/pull/6723), [#6721](https://github.com/electron/electron/pull/6721), [#6737](https://github.com/electron/electron/pull/6737), [#6741](https://github.com/electron/electron/pull/6741)\n- Add `win.setContentBounds(options[, animate])` and `win.getContentBounds()` APIs. [#6654](https://github.com/electron/electron/pull/6654)\n- Add `image.getBitmap()` API. [#6733](https://github.com/electron/electron/pull/6733)\n- Add `zoomin`, `zoomout`, `resetzoom` to `MenuItem`'s `role`s. [#6777](https://github.com/electron/electron/pull/6777)\n- Fix the remote devtools page not loading in Electron. [#6707](https://github.com/electron/electron/pull/6707)\n- Fix cookies API not working for custom protocols. [#6708](https://github.com/electron/electron/pull/6708)\n- Fix properties of DOM objects not being able to be sent via `ipc` module. [#6776](https://github.com/electron/electron/pull/6776)\n\n**macOS**\n- Add `systemPreferences.isSwipeTrackingFromScrollEventsEnabled()` API. [#6686](https://github.com/electron/electron/pull/6686)\n- Add `systemPreferences.postNotification(event, userInfo)` and `systemPreferences.postLocalNotification(event, userInfo)` APIs. [#6752](https://github.com/electron/electron/pull/6752)\n- Add more details to error message of `autoUpdater`. [#6743](https://github.com/electron/electron/pull/6743)\n- Add `startspeaking` and `stopspeaking` to `MenuItem`'s `role`s. [#6765](https://github.com/electron/electron/pull/6765)\n- Fix `resizable: false` option disabling the fullscreen button. [#6664](https://github.com/electron/electron/pull/6664)\n- Fix `scroll-touch-begin` and `scroll-touch-end` events being emitted when scrolling page. [#6754](https://github.com/electron/electron/pull/6754)\n\n**Windows**\n- Add return value for  `app.setUserTasks(tasks)` API. [#6766](https://github.com/electron/electron/pull/6766)\n- Add `win.setThumbnailToolTip(toolTip)` API. [#6762](https://github.com/electron/electron/pull/6762)\n- Fix calling `autoUpdate.checkForUpdates()` for twice making `quitAndInstall()` throw errors. [#6780](https://github.com/electron/electron/pull/6780)\n- Fix `win.setThumbnailClip(region)` API not recognizing high-DPI displays. [#6782](https://github.com/electron/electron/pull/6782)\n",
    "version": "1.3.3"
  },
  {
    "url": "https://api.github.com/repos/electron/electron/releases/3783661",
    "assets_url": "https://api.github.com/repos/electron/electron/releases/3783661/assets",
    "upload_url": "https://uploads.github.com/repos/electron/electron/releases/3783661/assets{?name,label}",
    "html_url": "https://github.com/electron/electron/releases/tag/v1.3.2",
    "id": 3783661,
    "tag_name": "v1.3.2",
    "target_commitish": "master",
    "name": "electron v1.3.2",
    "draft": false,
    "prerelease": false,
    "created_at": "2016-08-02T17:27:56Z",
    "published_at": "2016-08-02T23:27:35Z",
    "tarball_url": "https://api.github.com/repos/electron/electron/tarball/v1.3.2",
    "zipball_url": "https://api.github.com/repos/electron/electron/zipball/v1.3.2",
    "body": "Changelog:\n- Upload the checksums of releases. [#6629](https://github.com/electron/electron/pull/6588)\n- Improve performance when creating native classes. [#6688](https://github.com/electron/electron/pull/6688)\n- Add `downloadItem.getSavePath()` API. [#6629](https://github.com/electron/electron/pull/6629)\n- Add `image.toBitmap()` API. [#6661](https://github.com/electron/electron/pull/6661)\n- Add `size`, `hotspot` parameters to the `cursor-changed` event of `WebContents`. [#6661](https://github.com/electron/electron/pull/6661)\n- Add `setZoomFactor`, `getZoomFactor`, `setZoomLevel`, `getZoomLevel`, `setZoomLevelLimits` methods to `WebContents`. [#6685](https://github.com/electron/electron/pull/6685)\n- Fix `LICENSES.chromium.html` being empty. [libchromiumcontent#225](https://github.com/electron/libchromiumcontent/pull/225)\n- Fix failing to register custom protocol due to `Session` being garbage collected. [#6674](https://github.com/electron/electron/pull/6674)\n- Fix unicode characters not working with `contents.sendInputEvent(event)` API. [#6661](https://github.com/electron/electron/pull/6661)\n\n**Windows**\n- Add `shell.writeShortcutLink(shortcutPath[, operation], options)` and `shell.readShortcutLink(shortcutPath)` APIs. [#6623](https://github.com/electron/electron/pull/6623)\n- Fix window size being changed after restoring from minimized state. [#6667](https://github.com/electron/electron/pull/6667)\n\n**macOS**\n- Add `app.dock.isVisible()` API. [#6683](https://github.com/electron/electron/pull/6683)\n- Fix crash with keyboard events under fullscreen. [#6637](https://github.com/electron/electron/pull/6637)\n- Fix crash when using webview. [#6644](https://github.com/electron/electron/pull/6644)\n\n**Linux**\n- Fix components not showing correctly on displays with 2.0 DPI. [#6646](https://github.com/electron/electron/pull/6646)\n",
    "version": "1.3.2"
  },
  {
    "url": "https://api.github.com/repos/electron/electron/releases/3747121",
    "assets_url": "https://api.github.com/repos/electron/electron/releases/3747121/assets",
    "upload_url": "https://uploads.github.com/repos/electron/electron/releases/3747121/assets{?name,label}",
    "html_url": "https://github.com/electron/electron/releases/tag/v1.3.1",
    "id": 3747121,
    "tag_name": "v1.3.1",
    "target_commitish": "master",
    "name": "electron v1.3.1",
    "draft": false,
    "prerelease": false,
    "created_at": "2016-07-27T04:21:17Z",
    "published_at": "2016-07-27T05:47:26Z",
    "tarball_url": "https://api.github.com/repos/electron/electron/tarball/v1.3.1",
    "zipball_url": "https://api.github.com/repos/electron/electron/zipball/v1.3.1",
    "body": "Changelog:\n- Add `view-painted` event to `WebContent`. [#6524](https://github.com/electron/electron/pull/6524)\n- Add `proxyBypassRules` option to `ses.setProxy(config, callback)` API. [#6558](https://github.com/electron/electron/pull/6558)\n- Add support for passing typed arrays in `remote` module. [#6572](https://github.com/electron/electron/pull/6572), [#6590](https://github.com/electron/electron/pull/6590)\n- Add `contents.copyImageAt(x, y)` API. [#6619](https://github.com/electron/electron/pull/6619)\n- Fix file dialog not working with `<input>` tag on DevPanel. [brightray#238](https://github.com/electron/brightray/pull/238)\n- Fix `fs.access`/`accessSync` not working with asar archives. [#6598](https://github.com/electron/electron/pull/6598)\n- Fix LCD-text-antialiasing not working. [#6606](https://github.com/electron/electron/pull/6606)\n- Fix crash when adding project workspace in devtools. [#6613](https://github.com/electron/electron/pull/6613)\n\n**Windows**\n- Fix window position not restoring after restoring from minimized state. [#6596](https://github.com/electron/electron/pull/6596)\n- Fix crash when calling `crashReporter.start(options)` for multiple times. [#6618](https://github.com/electron/electron/pull/6618)\n- Fix invalid AppUserModelID when executable name contains spaces. [#6602](https://github.com/electron/electron/pull/6602)\n\n**macOS**\n- Add option to always highlight the tray icon. [#6620](https://github.com/electron/electron/pull/6620)\n",
    "version": "1.3.1"
  },
  {
    "url": "https://api.github.com/repos/electron/electron/releases/3728925",
    "assets_url": "https://api.github.com/repos/electron/electron/releases/3728925/assets",
    "upload_url": "https://uploads.github.com/repos/electron/electron/releases/3728925/assets{?name,label}",
    "html_url": "https://github.com/electron/electron/releases/tag/v1.3.0",
    "id": 3728925,
    "tag_name": "v1.3.0",
    "target_commitish": "master",
    "name": "electron v1.3.0",
    "draft": false,
    "prerelease": false,
    "created_at": "2016-07-25T03:57:10Z",
    "published_at": "2016-07-25T05:08:44Z",
    "tarball_url": "https://api.github.com/repos/electron/electron/tarball/v1.3.0",
    "zipball_url": "https://api.github.com/repos/electron/electron/zipball/v1.3.0",
    "body": "Changelog:\n- Upgrade to Chrome 52. [#6342](https://github.com/electron/electron/pull/6342)\n- Update to Node.js 6.3.0. [#6559](https://github.com/electron/electron/pull/6559)\n",
    "version": "1.3.0"
  },
  {
    "url": "https://api.github.com/repos/electron/electron/releases/3706369",
    "assets_url": "https://api.github.com/repos/electron/electron/releases/3706369/assets",
    "upload_url": "https://uploads.github.com/repos/electron/electron/releases/3706369/assets{?name,label}",
    "html_url": "https://github.com/electron/electron/releases/tag/v1.2.8",
    "id": 3706369,
    "tag_name": "v1.2.8",
    "target_commitish": "master",
    "name": "electron v1.2.8",
    "draft": false,
    "prerelease": false,
    "created_at": "2016-07-21T05:57:08Z",
    "published_at": "2016-07-21T07:16:29Z",
    "tarball_url": "https://api.github.com/repos/electron/electron/tarball/v1.2.8",
    "zipball_url": "https://api.github.com/repos/electron/electron/zipball/v1.2.8",
    "body": "Changelog:\n- Add `options` parameter for the `session.fromPartition(''[, options])` API. [#6470](https://github.com/electron/electron/pull/6470)\n- Add more attributes for `certificate` object of `certificate-error` event. [#6474](https://github.com/electron/electron/pull/6474)\n- Add `autoUpdater.getFeedURL()` API. [#6486](https://github.com/electron/electron/pull/6486)\n- Add `getAllWebContents()` and `getFocusedWebContents()` APIs to `webContents` module. [#6489](https://github.com/electron/electron/pull/6489)\n\n**macOS**\n- Add `drop-text` event to `Tray`. [#6490](https://github.com/electron/electron/pull/6490)\n- Fix exception when calling console.log after relaunch. [#6527](https://github.com/electron/electron/pull/6527)\n\n**Windows**\n- Add `win.setThumbnailClip(region)` API. [#6497](https://github.com/electron/electron/pull/6497)\n",
    "version": "1.2.8"
  }
]